symbol,daily_bars,minute_rows,edge_class,suggested_setup_name,tp_pct,sl_pct,suggested_leverage_min,suggested_leverage_max,listing_date,mean_ret,std_ret,skew_ret,kurt_ret,max_drawdown_pct,realized_vol_30d_ann,realized_vol_7d_ann,max_single_day_pump_pct,max_single_day_dump_pct,avg_volume,avg_close,volume_return_corr,bt_n_trades,bt_hit_rate,bt_expectancy_pct,bt_max_dd_pct,bt_sharpe_like,bt_dominance_frac,spike_n_events,spike_h5_mean,spike_h5_hitrate,spike_h5_tstat,intraday_robust,age_days,age_bucket,vol_bucket,liq_bucket
4USDT,0,43200,INSUFFICIENT_HISTORY,NoTrade,,,1.0,1.0,2025-10-01 00:00:00+00:00,,,,,,,,,,,,,,,,,,,,,,,,262.0,ESTABLISHED (90-365d),UNKNOWN,UNKNOWN
67USDT,0,43200,INSUFFICIENT_HISTORY,NoTrade,,,1.0,1.0,2025-11-16 00:00:00+00:00,,,,,,,,,,,,,,,,,,,,,,,,216.0,ESTABLISHED (90-365d),UNKNOWN,UNKNOWN
ABUSDT,1095,43200,NO_CLEAR_SHORT_EDGE,NoTrade,,,1.0,1.0,,0.0030284293716037,0.0873235434190156,3.3687358273496937,26.399666384460843,-93.93776536976397,0.3239802785134546,0.2251149601725759,136.61263157894737,-26.41261559246231,404753990.6869041,0.0032258596803652,0.1497604960223238,,,,,,,95.0,31.14039992095544,0.5263157894736842,2.838998554659445,False,,UNKNOWN,LOW_VOL,HIGH_LIQ
ACTUSDT,605,43200,NO_CLEAR_SHORT_EDGE,NoTrade,,,1.0,1.0,2024-10-24 00:00:00+00:00,-0.0013280058112224,0.1561029705268644,12.57258720667902,252.62469793941392,-98.79689008184693,0.9523500515426336,1.4202368640453764,2080.8406647116326,-57.0217276099629,45717787.45383471,0.095511241322314,0.2891054072829582,,,,,,,39.0,-2.107106082192489,0.6153846153846154,-0.6577397799370787,False,604.0,OLD (>365d),MED_VOL,MED_LIQ
AEONUSDT,0,43199,INSUFFICIENT_HISTORY,NoTrade,,,1.0,1.0,2026-05-18 00:00:00+00:00,,,,,,,,,,,,,,,,,,,,,,,,33.0,NEW (<90d),UNKNOWN,UNKNOWN
AEROBUDUSDT,0,43199,INSUFFICIENT_HISTORY,NoTrade,,,1.0,1.0,2025-01-21 00:00:00+00:00,,,,,,,,,,,,,,,,,,,,,,,,515.0,OLD (>365d),UNKNOWN,UNKNOWN
AGIUSDT,1095,43198,NO_CLEAR_SHORT_EDGE,NoTrade,,,1.0,1.0,2023-04-11 00:00:00+00:00,-0.0023252037508465,0.078217101773035,1.398660283075337,12.901093686032198,-99.23269137006338,0.9352233405138624,0.5979830802784156,108.89212827988342,-36.448368898700025,3923426.698009132,0.0965916812785388,0.0927246434445468,,,,,,,94.0,9.607024541877694,0.4893617021276595,2.794061732887437,True,1166.0,OLD (>365d),MED_VOL,LOW_LIQ
AICUSDT,650,43200,NO_CLEAR_SHORT_EDGE,NoTrade,,,1.0,1.0,,-0.0014445218585113,0.1085234353632189,1.3265717553695326,6.66303479803388,-97.64710722107516,1.3354489235926863,1.9013448010510503,92.08698770825865,-37.66878815430575,9023906.189153844,0.1350660753846153,0.1701461295805403,,,,,,,62.0,4.853094548632498,0.5806451612903226,1.1364082856594446,True,,UNKNOWN,HIGH_VOL,MED_LIQ
AIDOGEUSDT,1095,43197,NO_CLEAR_SHORT_EDGE,NoTrade,,,1.0,1.0,2023-04-17 00:00:00+00:00,-0.0023394026731703,0.0846980968797404,-0.7350134639764883,27.93689813161538,-98.8254358924372,1.1771128140174434,0.6959719559730316,105.4358150069409,-64.50002698181426,3190790242071137.0,1.7287851415525116e-10,0.4952145984437092,,,,,,,94.0,3.495469725133724,0.5638297872340425,1.048793781462951,True,1160.0,OLD (>365d),HIGH_VOL,HIGH_LIQ
AIUSDT,0,43197,INSUFFICIENT_HISTORY,NoTrade,,,1.0,1.0,2026-04-29 00:00:00+00:00,,,,,,,,,,,,,,,,,,,,,,,,52.0,NEW (<90d),UNKNOWN,UNKNOWN
AIXBTUSDT,0,43195,INSUFFICIENT_HISTORY,NoTrade,,,1.0,1.0,2024-12-03 00:00:00+00:00,,,,,,,,,,,,,,,,,,,,,,,,564.0,OLD (>365d),UNKNOWN,UNKNOWN
AIXUSDT,0,43196,INSUFFICIENT_HISTORY,NoTrade,,,1.0,1.0,2025-07-19 00:00:00+00:00,,,,,,,,,,,,,,,,,,,,,,,,336.0,ESTABLISHED (90-365d),UNKNOWN,UNKNOWN
AKITAUSDT,0,43195,INSUFFICIENT_HISTORY,NoTrade,,,1.0,1.0,2026-03-24 00:00:00+00:00,,,,,,,,,,,,,,,,,,,,,,,,88.0,NEW (<90d),UNKNOWN,UNKNOWN
ALICEUSDT,1095,43194,NO_CLEAR_SHORT_EDGE,NoTrade,,,1.0,1.0,2021-04-02 00:00:00+00:00,-0.0017891560646877,0.0579576620184224,0.233587482990539,8.907314132771875,-95.79333902647308,1.0689320911990507,1.6769649812226062,45.12434554973823,-36.9062119366626,1106133.375534247,0.7733232785388128,0.4763838812061149,,,,,,,97.0,-1.0483754726073231,0.4791666666666667,-0.8307248514964801,False,1905.0,OLD (>365d),MED_VOL,LOW_LIQ
AMIUSDT,0,43194,INSUFFICIENT_HISTORY,NoTrade,,,1.0,1.0,2025-03-26 00:00:00+00:00,,,,,,,,,,,,,,,,,,,,,,,,451.0,OLD (>365d),UNKNOWN,UNKNOWN
AMOREUSDT,0,43193,INSUFFICIENT_HISTORY,NoTrade,,,1.0,1.0,2025-09-19 00:00:00+00:00,,,,,,,,,,,,,,,,,,,,,,,,274.0,ESTABLISHED (90-365d),UNKNOWN,UNKNOWN
ANIMEUSDT,0,43192,INSUFFICIENT_HISTORY,NoTrade,,,1.0,1.0,2025-01-23 00:00:00+00:00,,,,,,,,,,,,,,,,,,,,,,,,513.0,OLD (>365d),UNKNOWN,UNKNOWN
ANIUSDT,0,43192,INSUFFICIENT_HISTORY,NoTrade,,,1.0,1.0,,,,,,,,,,,,,,,,,,,,,,,,,,UNKNOWN,UNKNOWN,UNKNOWN
ANONUSDT,0,43191,INSUFFICIENT_HISTORY,NoTrade,,,1.0,1.0,2025-01-27 00:00:00+00:00,,,,,,,,,,,,,,,,,,,,,,,,509.0,OLD (>365d),UNKNOWN,UNKNOWN
APUUSDT,806,43190,NO_CLEAR_SHORT_EDGE,NoTrade,,,1.0,1.0,2024-04-06 00:00:00+00:00,-0.0033472240709282,0.0962450093702213,0.4105772764335784,2.527337417683305,-98.58561749307052,1.0229400389913406,1.0688014200437344,76.33685558757604,-33.54943273905997,1041277291.0032628,0.0002967363523573,0.3344922989300458,,,,,,,54.0,5.491042136648996,0.4814814814814814,2.029499121512711,False,805.0,OLD (>365d),MED_VOL,HIGH_LIQ
ARCUSDT,1059,43190,NO_CLEAR_SHORT_EDGE,NoTrade,,,1.0,1.0,2023-07-28 00:00:00+00:00,-0.0014008589449918,0.0949750915968527,0.8698878598337285,2.376231831092504,-99.7124784358827,2.219710737558036,1.1179491414026703,65.80829756795423,-25.540765391014972,5976192.804419263,0.0222384239848914,0.2885958456094282,,,,,,,104.0,16.29251576912255,0.5384615384615384,2.9722513300128623,False,1058.0,OLD (>365d),HIGH_VOL,MED_LIQ
ARGUSDT,1095,43189,NO_CLEAR_SHORT_EDGE,NoTrade,,,1.0,1.0,2022-11-17 00:00:00+00:00,-0.0008188939677244,0.0433588888138199,1.4514550875558836,20.71218995396397,-91.09058643220136,1.2531056561151854,1.5423532818145156,61.77386353527265,-25.35714285714285,54439.21469406392,0.929726210045662,0.279064479821512,,,,,,,103.0,0.412110851531989,0.5242718446601942,0.3629197932357493,True,1311.0,OLD (>365d),HIGH_VOL,LOW_LIQ
ARIAUSDT,0,43189,INSUFFICIENT_HISTORY,NoTrade,,,1.0,1.0,2025-08-21 00:00:00+00:00,,,,,,,,,,,,,,,,,,,,,,,,303.0,ESTABLISHED (90-365d),UNKNOWN,UNKNOWN
ASTEROIDUSDT,0,43188,INSUFFICIENT_HISTORY,NoTrade,,,1.0,1.0,2026-04-17 00:00:00+00:00,,,,,,,,,,,,,,,,,,,,,,,,64.0,NEW (<90d),UNKNOWN,UNKNOWN
ATHUSDT,739,43188,MIXED/UNSTABLE,NoTrade,,,1.0,1.0,2024-06-12 00:00:00+00:00,-0.0035126438342366,0.0561605422469615,0.2891083417246305,4.48378950921765,-95.23224653863332,0.8815989740178803,0.5233700548936692,49.71974942301352,-22.68767377201112,25001193.802571043,0.0368977401894452,0.4101795815884953,38.0,0.5263157894736842,-0.5438587900725846,-102.02165996060415,-0.0336707577286496,0.1366794648998672,51.0,4.376101479491887,0.4117647058823529,2.1787407859875643,False,738.0,OLD (>365d),MED_VOL,MED_LIQ
ATLASUSDT,1095,43187,MIXED/UNSTABLE,NoTrade,,,1.0,1.0,2021-09-09 00:00:00+00:00,-0.0023915628787463,0.0520684122718994,0.7523153690052945,4.152021346788905,-98.95896590613344,0.573962348212072,0.5681032706468164,33.89830508474576,-23.381770145310437,41730401.10092237,0.0021883607305936,0.439211471556477,,,,,,,80.0,3.8391257661568536,0.525,1.914654628232649,False,1745.0,OLD (>365d),LOW_VOL,MED_LIQ
AURORAUSDT,1095,43186,NO_CLEAR_SHORT_EDGE,NoTrade,,,1.0,1.0,2021-11-20 00:00:00+00:00,-0.0011417951869519,0.0739238738711886,4.001562139583813,36.59050894831219,-95.62786723872142,0.7618997092179443,0.2174295248356424,144.08047117993513,-27.549893217468146,958140.70890137,0.1250651598173515,0.2168756316871291,,,,,,,70.0,-0.3378421183505208,0.6285714285714286,-0.1012870918040281,True,1673.0,OLD (>365d),MED_VOL,LOW_LIQ
AVAUSDT,1095,43186,NO_CLEAR_SHORT_EDGE,NoTrade,,,1.0,1.0,2020-07-04 00:00:00+00:00,-0.0007433571033441,0.0593680741320326,8.444251864021485,193.19844959605072,-93.2954502116624,0.737943174572835,0.5645610441218164,255.87676438653637,-36.18210862619809,448431.6890410959,0.5454285753424657,0.1723476479931233,,,,,,,106.0,0.0376046213761176,0.4528301886792453,0.0304670405473424,False,2177.0,OLD (>365d),LOW_VOL,LOW_LIQ
BABYBONKUSDT,0,43184,INSUFFICIENT_HISTORY,NoTrade,,,1.0,1.0,2025-09-10 00:00:00+00:00,,,,,,,,,,,,,,,,,,,,,,,,283.0,ESTABLISHED (90-365d),UNKNOWN,UNKNOWN
BABYDOGEUSDT,1095,43184,NO_CLEAR_SHORT_EDGE,NoTrade,,,1.0,1.0,2021-12-05 00:00:00+00:00,-0.0013968173934794,0.0577285642641888,2.061842012485859,18.81391595366937,-94.30241180832655,0.7231524995797567,0.3225176829335913,74.67197465166349,-22.84391430589343,398095059406538.8,1.3754642922374431e-09,0.4859600041301355,,,,,,,89.0,4.049478985985817,0.5280898876404494,1.842469825770838,False,1658.0,OLD (>365d),LOW_VOL,HIGH_LIQ
BABYSHARKUSDT,0,43183,INSUFFICIENT_HISTORY,NoTrade,,,1.0,1.0,2026-05-14 00:00:00+00:00,,,,,,,,,,,,,,,,,,,,,,,,37.0,NEW (<90d),UNKNOWN,UNKNOWN
BABYUSDT,0,43185,INSUFFICIENT_HISTORY,NoTrade,,,1.0,1.0,2025-04-10 00:00:00+00:00,,,,,,,,,,,,,,,,,,,,,,,,436.0,OLD (>365d),UNKNOWN,UNKNOWN
BADGERUSDT,1095,43183,NO_CLEAR_SHORT_EDGE,NoTrade,,,1.0,1.0,2020-12-04 00:00:00+00:00,-0.0016940006646824,0.05204354336775,1.7820484701114676,24.08801230141737,-96.41487321542722,0.4435948207604883,0.4523291899226555,78.17364233829124,-26.184092940125115,116098.67115981736,2.2995547031963466,0.3489814184847043,,,,,,,87.0,-0.8365987835865668,0.5862068965517241,-0.5143566910134344,True,2024.0,OLD (>365d),LOW_VOL,LOW_LIQ
BANANAS31USDT,0,43181,INSUFFICIENT_HISTORY,NoTrade,,,1.0,1.0,2024-12-07 00:00:00+00:00,,,,,,,,,,,,,,,,,,,,,,,,560.0,OLD (>365d),UNKNOWN,UNKNOWN
BANANAUSDT,1007,43181,NO_CLEAR_SHORT_EDGE,NoTrade,,,1.0,1.0,2023-09-18 00:00:00+00:00,-0.0012859283016326,0.0690067288435632,0.7219490022617384,3.704378285311721,-96.0371465223939,0.5784386479507245,0.409375477195652,51.92633150821304,-28.72644203312393,55913.79362462761,23.79014200595829,0.2282942628383051,,,,,,,84.0,-0.0574487952797322,0.5833333333333334,-0.0404031748620889,False,1006.0,OLD (>365d),LOW_VOL,LOW_LIQ
BANKUSDT,0,43180,INSUFFICIENT_HISTORY,NoTrade,,,1.0,1.0,2025-04-18 00:00:00+00:00,,,,,,,,,,,,,,,,,,,,,,,,428.0,OLD (>365d),UNKNOWN,UNKNOWN
BANUSDT,602,43182,NO_CLEAR_SHORT_EDGE,NoTrade,,,1.0,1.0,2024-10-27 00:00:00+00:00,0.0017066725883767,0.1231551088384977,-0.2922882239385211,23.471528644595903,-89.51444636984121,1.6797068561001045,1.1753766559396173,140.95788604459125,-65.79413850153628,37854920.46837209,0.0716813621262458,0.1368563732140429,,,,,,,62.0,5.645508596447585,0.5645161290322581,0.6783348221360517,True,601.0,OLD (>365d),HIGH_VOL,MED_LIQ
BASEDUSDT,0,43180,INSUFFICIENT_HISTORY,NoTrade,,,1.0,1.0,2026-03-30 00:00:00+00:00,,,,,,,,,,,,,,,,,,,,,,,,82.0,NEW (<90d),UNKNOWN,UNKNOWN
BBUSDT,769,43179,MIXED/UNSTABLE,NoTrade,,,1.0,1.0,2024-05-13 00:00:00+00:00,-0.0039101469364552,0.0702686802075724,0.3839265763492461,3.415703570414869,-97.6799670917318,0.9025277727304248,0.4399373201169033,42.58274231678487,-31.60314227524004,8430299.53816645,0.1919929908972691,0.177197774434032,39.0,0.5641025641025641,2.5871187953110906,-60.42,0.1448998477830833,0.0890090028053693,66.0,-2.294627856606273,0.5151515151515151,-1.4145374480404191,False,768.0,OLD (>365d),MED_VOL,MED_LIQ
BCATUSDT,0,43178,INSUFFICIENT_HISTORY,NoTrade,,,1.0,1.0,2025-05-26 00:00:00+00:00,,,,,,,,,,,,,,,,,,,,,,,,390.0,OLD (>365d),UNKNOWN,UNKNOWN
BDCUSDT,677,43178,NO_CLEAR_SHORT_EDGE,NoTrade,,,1.0,1.0,2024-08-13 00:00:00+00:00,-0.0035919767915654,0.1078005699086699,0.8975082847321905,2.733450998521953,-99.01334411645774,1.1440548550983507,0.7715951084291236,84.80138169257341,-25.893508388037933,1352510.6152732642,0.0204062806499261,0.1429071480381591,,,,,,,44.0,6.600701261075517,0.6136363636363636,1.0904314691843338,False,676.0,OLD (>365d),HIGH_VOL,LOW_LIQ
BELLSUSDT,600,43177,MIXED/UNSTABLE,NoTrade,,,1.0,1.0,2024-10-29 00:00:00+00:00,-0.0058264250340046,0.0748289874621378,0.6780468338311669,4.562039912135271,-97.43128491620112,0.7140024794499421,0.7112924163908647,52.30125523012552,-25.149700598802404,130361.24491666668,0.2466433833333333,0.4835558411396506,16.0,0.5625,0.3850917884205673,-92.90964285714288,0.0217771022440025,0.2836077846424389,45.0,-3.316291485260185,0.5777777777777777,-1.6805238819782526,False,599.0,OLD (>365d),LOW_VOL,LOW_LIQ
BELUGAUSDT,0,43176,INSUFFICIENT_HISTORY,NoTrade,,,1.0,1.0,2025-05-13 00:00:00+00:00,,,,,,,,,,,,,,,,,,,,,,,,403.0,OLD (>365d),UNKNOWN,UNKNOWN
BELUSDT,1095,43177,MIXED/UNSTABLE,NoTrade,,,1.0,1.0,2020-09-15 00:00:00+00:00,-0.0012429088258076,0.0571364325057656,0.0122996853933779,10.293665700271486,-96.17302823293366,1.580209403827463,2.4970304864618766,48.213935230618254,-33.820998278829606,1267646.7579726027,0.4902997351598173,0.2665631143752345,37.0,0.5135135135135135,-2.9713482206133475,-136.45619953609622,-0.1589699682934941,0.2253227497888322,104.0,-3.398075089157396,0.5882352941176471,-2.1608149420050453,False,2104.0,OLD (>365d),HIGH_VOL,LOW_LIQ
BERTUSDT,0,43175,INSUFFICIENT_HISTORY,NoTrade,,,1.0,1.0,2024-11-15 00:00:00+00:00,,,,,,,,,,,,,,,,,,,,,,,,582.0,OLD (>365d),UNKNOWN,UNKNOWN
BIRBUSDT,0,43175,INSUFFICIENT_HISTORY,NoTrade,,,1.0,1.0,2026-01-28 00:00:00+00:00,,,,,,,,,,,,,,,,,,,,,,,,143.0,ESTABLISHED (90-365d),UNKNOWN,UNKNOWN
BLASTUSDT,725,43174,SPIKE_MEAN_REVERSION_EDGE,SpikeShortDaily,-25.33,25.33,1.0,2.0,2024-06-26 00:00:00+00:00,-0.0061140300193226,0.0486600753598623,-0.3914143059320339,2.5376732187044144,-98.82467274890917,0.7590597661884813,0.4252232255452159,20.430195469043923,-24.491869918699194,46979959.48726897,0.0045537070344827,-0.0930672696847038,18.0,0.6666666666666666,3.6856586106131095,-26.303059911539982,0.2677994226892929,0.1817960998246339,42.0,-2.34267042597184,0.6428571428571429,-1.5202818220065,False,724.0,OLD (>365d),MED_VOL,MED_LIQ
BLUBUSDT,641,43174,MIXED/UNSTABLE,NoTrade,,,1.0,1.0,2024-09-18 00:00:00+00:00,-0.005296177384833,0.1002694538571995,0.4499316007782404,2.301497416512908,-98.87682926829268,1.1810626407362892,0.602937832374738,52.9054054054054,-35.360211500330465,7167920122728.791,3.3518605304212175e-08,-0.1739503093985292,,,,,,,44.0,-3.0090169428863,0.6590909090909091,-0.619668693014872,True,640.0,OLD (>365d),HIGH_VOL,HIGH_LIQ
BLUEUSDT,0,43173,INSUFFICIENT_HISTORY,NoTrade,,,1.0,1.0,2024-12-11 00:00:00+00:00,,,,,,,,,,,,,,,,,,,,,,,,556.0,OLD (>365d),UNKNOWN,UNKNOWN
BMTUSDT,0,43172,INSUFFICIENT_HISTORY,NoTrade,,,1.0,1.0,2025-03-11 00:00:00+00:00,,,,,,,,,,,,,,,,,,,,,,,,466.0,OLD (>365d),UNKNOWN,UNKNOWN
BNCUSDT,1095,43172,MIXED/UNSTABLE,NoTrade,,,1.0,1.0,2021-10-21 00:00:00+00:00,-0.0020073697094662,0.0361021987041109,0.2346165822735146,4.366164216188712,-97.51911006152508,0.4751152788971962,0.3904677625051034,24.70087377474122,-19.031079919793747,746925.7028675798,0.2187437168949771,-0.0780376723537265,57.0,0.5789473684210527,0.4032500497553998,-101.47031185476769,0.0322472866420034,0.1106003604257066,87.0,0.6772515987265537,0.5862068965517241,0.64035080596192,False,1703.0,OLD (>365d),LOW_VOL,LOW_LIQ
BOBAUSDT,1095,43170,NO_CLEAR_SHORT_EDGE,NoTrade,,,1.0,1.0,2021-11-19 00:00:00+00:00,-0.001579761271392,0.0640913438906752,3.04333019324522,36.36494229402405,-98.48162594949704,1.2751516884987344,1.152137204503448,130.0870722644335,-29.823800226577003,2326964.843762557,0.1600820182648401,0.1523484356114577,,,,,,,79.0,4.160085313208557,0.4871794871794871,1.3696733046503002,False,1674.0,OLD (>365d),HIGH_VOL,LOW_LIQ
BOBERUSDT,380,43199,SPIKE_MEAN_REVERSION_EDGE,SpikeShortDaily,-15.11,12.0,1.0,1.5,,-0.0051151064607587,0.0578897322170745,0.1763909768661896,2.1122765775119383,-88.6245110821382,1.2786595337077231,0.893432756310579,25.648414985590783,-18.549747048903875,159429973.9454474,0.0001235642105263,-0.0574625203654147,5.0,0.6,2.432259049270466,-12.000000000000016,0.2146522096018214,0.4675427245935268,11.0,-8.05516058621297,0.8181818181818182,-3.136926685653413,False,,UNKNOWN,HIGH_VOL,MED_LIQ
BOBOUSDT,0,43170,INSUFFICIENT_HISTORY,NoTrade,,,1.0,1.0,2026-05-18 00:00:00+00:00,,,,,,,,,,,,,,,,,,,,,,,,33.0,NEW (<90d),UNKNOWN,UNKNOWN
BOBUSDT,0,43171,INSUFFICIENT_HISTORY,NoTrade,,,1.0,1.0,2025-11-20 00:00:00+00:00,,,,,,,,,,,,,,,,,,,,,,,,212.0,ESTABLISHED (90-365d),UNKNOWN,UNKNOWN
BOMEUSDT,829,43169,MIXED/UNSTABLE,NoTrade,,,1.0,1.0,2024-03-14 00:00:00+00:00,-0.0017099918648139,0.0946076681537122,6.641753036593631,114.63150691065886,-98.23955832933268,0.7706837268460508,0.5248597932376512,411.0552763819096,-42.196406275446506,1040844838.6043664,0.0041841715319662,0.2444937631675552,21.0,0.5238095238095238,0.4357991879855927,-86.54174154302193,0.0268142577085701,0.1901989497348417,61.0,-3.554251697772563,0.6065573770491803,-2.158311677293513,False,828.0,OLD (>365d),MED_VOL,HIGH_LIQ
BONEUSDT,1095,43168,MIXED/UNSTABLE,NoTrade,,,1.0,1.0,2022-01-11 00:00:00+00:00,-0.0026347381976663,0.051234753415043,1.3082689591213978,11.1412963479057,-97.48961458573736,0.64540156887728,0.7675731661099527,54.957160342717245,-17.77251184834123,940438.8334063928,0.4412459269406392,0.3376073222587029,,,,,,,78.0,2.3308479177418726,0.5512820512820513,1.175815416104106,True,1621.0,OLD (>365d),LOW_VOL,LOW_LIQ
BONKUSDT,1095,43168,NO_CLEAR_SHORT_EDGE,NoTrade,,,1.0,1.0,2023-01-03 00:00:00+00:00,0.0023606321704815,0.0790341380339781,1.423402261039144,7.835284168317381,-92.11225444340504,0.7111655849128767,0.4951270568165257,82.98998635912697,-30.480718436344432,342712822810.1662,1.5572590410958902e-05,0.2399196349505855,,,,,,,136.0,18.12649722992165,0.3823529411764705,6.168829936821441,False,1264.0,OLD (>365d),LOW_VOL,HIGH_LIQ
BROCCOLIUSDT,0,43167,INSUFFICIENT_HISTORY,NoTrade,,,1.0,1.0,2025-02-13 00:00:00+00:00,,,,,,,,,,,,,,,,,,,,,,,,492.0,OLD (>365d),UNKNOWN,UNKNOWN
BSBUSDT,0,43167,INSUFFICIENT_HISTORY,NoTrade,,,1.0,1.0,2026-03-04 00:00:00+00:00,,,,,,,,,,,,,,,,,,,,,,,,108.0,ESTABLISHED (90-365d),UNKNOWN,UNKNOWN
BSTUSDT,1095,43166,NO_CLEAR_SHORT_EDGE,NoTrade,,,1.0,1.0,2023-04-24 00:00:00+00:00,-0.0023705179150733,0.0565102262319123,0.7555392166587972,4.429242827603842,-98.56056240636164,0.7521370754260598,0.5502286469459579,38.6344712739384,-22.752726201002066,814166.5262739726,0.1975296712328767,-0.048327956447456,,,,,,,82.0,-0.7689623364008895,0.5487804878048781,-0.5561344150386929,False,1153.0,OLD (>365d),MED_VOL,LOW_LIQ
BULLAUSDT,0,43165,INSUFFICIENT_HISTORY,NoTrade,,,1.0,1.0,2025-06-06 00:00:00+00:00,,,,,,,,,,,,,,,,,,,,,,,,379.0,OLD (>365d),UNKNOWN,UNKNOWN
BULLISHUSDT,0,43164,INSUFFICIENT_HISTORY,NoTrade,,,1.0,1.0,,,,,,,,,,,,,,,,,,,,,,,,,,UNKNOWN,UNKNOWN,UNKNOWN
BULLSUSDT,0,43164,INSUFFICIENT_HISTORY,NoTrade,,,1.0,1.0,2025-01-19 00:00:00+00:00,,,,,,,,,,,,,,,,,,,,,,,,517.0,OLD (>365d),UNKNOWN,UNKNOWN
BULLUSDT,0,43166,INSUFFICIENT_HISTORY,NoTrade,,,1.0,1.0,2026-04-13 00:00:00+00:00,,,,,,,,,,,,,,,,,,,,,,,,68.0,NEW (<90d),UNKNOWN,UNKNOWN
BUTTCOINUSDT,0,43163,INSUFFICIENT_HISTORY,NoTrade,,,1.0,1.0,2026-01-15 00:00:00+00:00,,,,,,,,,,,,,,,,,,,,,,,,156.0,ESTABLISHED (90-365d),UNKNOWN,UNKNOWN
CAPUSDT,916,43161,MIXED/UNSTABLE,NoTrade,,,1.0,1.0,2023-12-18 00:00:00+00:00,-0.0011740246051359,0.1101885497594611,1.223199734487861,12.008329215432624,-97.23598901545311,0.1960061529785705,0.1511646789763366,133.7257453857075,-43.96363636363636,1060407.5606441048,0.0825390283842794,-0.0779061545030774,27.0,0.4814814814814814,1.3292513339880012,-82.5906127439387,0.0613039553009877,0.2117524270540944,78.0,-3.600838599069485,0.5512820512820513,-1.8342845258452407,False,915.0,OLD (>365d),LOW_VOL,LOW_LIQ
CATCOINUSDT,809,43160,MIXED/UNSTABLE,NoTrade,,,1.0,1.0,2024-04-03 00:00:00+00:00,-0.0045003987665535,0.0732122423152175,1.2110752683135724,9.07178978451897,-97.5548060708263,1.1419725000726988,0.7115799285852215,70.08980866848884,-29.074185162967403,878921616317331.5,1.8674943139678612e-10,0.1492135892214371,36.0,0.6111111111111112,-1.214742508118349,-164.04354929652484,-0.0477870345585158,0.1036091058944795,46.0,0.1260185824348353,0.6304347826086957,0.0416177731541545,False,808.0,OLD (>365d),HIGH_VOL,HIGH_LIQ
CATIUSDT,639,43198,GRIND_DOWN_EDGE,GrindShortDaily,-44.84,44.84,1.0,1.5,,-0.0041721777282901,0.0618556667987262,-0.2664828386069997,4.969327081657825,-95.96928140427866,1.2121131135057897,0.6732333966462736,36.16149795201873,-26.29656683710737,7972617.436040687,0.1560946791862284,0.3039542588934026,34.0,0.6176470588235294,4.120833819795735,-47.0280819366853,0.2320536082402507,0.0891598851869979,38.0,-2.7546008376414286,0.5263157894736842,-1.194338915581693,False,,UNKNOWN,HIGH_VOL,MED_LIQ
CATUSDT,668,43161,MIXED/UNSTABLE,NoTrade,,,1.0,1.0,2024-08-22 00:00:00+00:00,-0.0037937482125824,0.0770958242004371,0.6786918313412662,4.778721100688341,-97.78032364313331,0.8532949896606881,0.5758691896632955,50.85714285714287,-29.551907171954078,52154299132.3518,1.222910479041916e-05,0.2005510378923439,17.0,0.5294117647058824,-1.142504458142968,-45.129790974373485,-0.0729830814009813,0.2875769367129461,48.0,-5.842026942604996,0.6666666666666666,-3.6184425889724543,True,667.0,OLD (>365d),MED_VOL,HIGH_LIQ
CAUSDT,976,43162,NO_CLEAR_SHORT_EDGE,NoTrade,,,1.0,1.0,2023-10-19 00:00:00+00:00,0.000189543240192,0.0501421847899546,1.054497936640301,21.836806401094595,-83.94643262465007,0.2114257901314247,0.2827386505532129,71.26317965681208,-26.41863546036653,277565.89092213113,0.4688642622950819,0.104688881901319,,,,,,,81.0,5.47076848859592,0.4567901234567901,2.3472178976656983,False,975.0,OLD (>365d),LOW_VOL,LOW_LIQ
CAWUSDT,1095,43160,NO_CLEAR_SHORT_EDGE,NoTrade,,,1.0,1.0,2022-04-19 00:00:00+00:00,-0.0005096843880209,0.0538425058159044,0.6218219163879323,5.23931529425011,-85.6651127884657,1.0279352524366123,0.6118150177571595,50.02246938546231,-24.997474346577388,3417484028877.024,5.8853824657534255e-08,0.388584897822553,,,,,,,92.0,1.3828077193107595,0.4456521739130434,0.9201041258421236,True,1523.0,OLD (>365d),MED_VOL,HIGH_LIQ
CHEEMSUSDT,605,43159,NO_CLEAR_SHORT_EDGE,NoTrade,,,1.0,1.0,2024-10-24 00:00:00+00:00,0.0009983593414255,0.0742861359649907,0.576583663194361,9.348308708128226,-80.55014605647517,0.898408229484952,0.5963455415630051,73.72991749891446,-36.0018639328984,436008374562.924,9.974543801652897e-07,0.4314819314259427,,,,,,,45.0,-0.165246919787491,0.5777777777777777,-0.0577589272335369,True,604.0,OLD (>365d),MED_VOL,HIGH_LIQ
CHILLGUYUSDT,0,43159,INSUFFICIENT_HISTORY,NoTrade,,,1.0,1.0,2024-11-20 00:00:00+00:00,,,,,,,,,,,,,,,,,,,,,,,,577.0,OLD (>365d),UNKNOWN,UNKNOWN
CHIPUSDT,0,43158,INSUFFICIENT_HISTORY,NoTrade,,,1.0,1.0,2026-04-21 00:00:00+00:00,,,,,,,,,,,,,,,,,,,,,,,,60.0,NEW (<90d),UNKNOWN,UNKNOWN
CITYUSDT,1095,43157,MIXED/UNSTABLE,NoTrade,,,1.0,1.0,2022-08-20 00:00:00+00:00,-0.0018613816855116,0.0324117142387067,-0.4426144092597899,7.164887522058201,-90.81647574945164,0.495725720346335,0.284274527505772,19.55017301038062,-22.584292763157897,207823.574173516,1.8338352511415523,0.3440775625240805,56.0,0.5535714285714286,0.0570746620808308,-58.15217630646778,0.0059597982933116,0.1066603902191807,70.0,0.3764089605903779,0.4857142857142857,0.4340675311515123,False,1400.0,OLD (>365d),LOW_VOL,LOW_LIQ
CLANKERUSDT,0,43157,INSUFFICIENT_HISTORY,NoTrade,,,1.0,1.0,2024-11-27 00:00:00+00:00,,,,,,,,,,,,,,,,,,,,,,,,570.0,OLD (>365d),UNKNOWN,UNKNOWN
CLASHUSDT,0,43156,INSUFFICIENT_HISTORY,NoTrade,,,1.0,1.0,,,,,,,,,,,,,,,,,,,,,,,,,,UNKNOWN,UNKNOWN,UNKNOWN
CLOUDUSDT,659,43155,MIXED/UNSTABLE,NoTrade,,,1.0,1.0,2024-08-31 00:00:00+00:00,-0.004408631816861,0.0661683058122361,1.3011898635859924,8.917342762412627,-97.923276141146,0.877577017303619,0.3752001686733337,67.20837043633124,-24.59943449575872,1031415.0961305008,0.1348718209408194,-0.0154848644723611,27.0,0.6296296296296297,-2.225405966699667,-98.76207209116455,-0.0986397127799542,0.1559954670247605,42.0,0.6609325590716764,0.6428571428571429,0.2433149442480401,True,658.0,OLD (>365d),MED_VOL,LOW_LIQ
COOKUSDT,600,43155,NO_CLEAR_SHORT_EDGE,NoTrade,,,1.0,1.0,2024-10-29 00:00:00+00:00,-0.0034912382166742,0.0604529985214567,0.7294697888013849,6.455162197362974,-93.1857161141687,0.128300137834313,0.1271491459411716,38.33657669853625,-24.69760990871851,12526613.036116667,0.0105718983333333,-0.2190351340725837,,,,,,,31.0,-0.4399139746638587,0.4516129032258064,-0.1326234006351816,True,599.0,OLD (>365d),LOW_VOL,MED_LIQ
COQUSDT,814,43154,MIXED/UNSTABLE,NoTrade,,,1.0,1.0,2024-03-29 00:00:00+00:00,-0.0050331708821249,0.0745799770790433,0.6636948441976863,3.31200380400328,-98.65219810795772,1.4411055633183818,1.4995933938518886,45.27080372651191,-33.77613240418119,222421654197.59708,9.699279606879606e-07,0.0837505333679209,22.0,0.6818181818181818,0.4958356178826642,-81.8696686748456,0.0289029156132203,0.1558298110985524,54.0,-4.645683443086982,0.6481481481481481,-2.4023615179555264,True,813.0,OLD (>365d),HIGH_VOL,HIGH_LIQ
CORNUSDT,0,43153,INSUFFICIENT_HISTORY,NoTrade,,,1.0,1.0,2025-03-28 00:00:00+00:00,,,,,,,,,,,,,,,,,,,,,,,,449.0,OLD (>365d),UNKNOWN,UNKNOWN
COWUSDT,0,43153,INSUFFICIENT_HISTORY,NoTrade,,,1.0,1.0,2024-11-06 00:00:00+00:00,,,,,,,,,,,,,,,,,,,,,,,,591.0,OLD (>365d),UNKNOWN,UNKNOWN
CREPEUSDT,969,43152,MIXED/UNSTABLE,NoTrade,,,1.0,1.0,2023-10-26 00:00:00+00:00,-0.0058701638638883,0.1232354844115924,0.7482700636298801,17.908979095743135,-99.8753583447588,0.2935317801646581,0.1665873273970228,201.28205128205127,-60.95238095238096,17124497.752383903,0.0087666875128998,-0.0148309403366789,27.0,0.4814814814814814,-4.32257417648477,-169.99297683037588,-0.1381047721238874,0.2222110170738208,70.0,-6.251435545670929,0.6857142857142857,-1.8030156278854863,False,968.0,OLD (>365d),LOW_VOL,MED_LIQ
CUSDT,0,43163,INSUFFICIENT_HISTORY,NoTrade,,,1.0,1.0,2025-07-14 00:00:00+00:00,,,,,,,,,,,,,,,,,,,,,,,,341.0,ESTABLISHED (90-365d),UNKNOWN,UNKNOWN
DADDYUSDT,736,43152,NO_CLEAR_SHORT_EDGE,NoTrade,,,1.0,1.0,2024-06-15 00:00:00+00:00,-0.0038375729258249,0.0723615223232518,0.9335535170608312,5.390549403098621,-97.63649425287356,1.0800855843301609,1.013168439890809,51.288941972728175,-26.802884615384603,5136539.191399456,0.0461546970108695,0.2008554993370869,,,,,,,44.0,1.2771958005547643,0.6666666666666666,0.2986722578749711,True,735.0,OLD (>365d),MED_VOL,LOW_LIQ
DAMUSDT,0,43151,INSUFFICIENT_HISTORY,NoTrade,,,1.0,1.0,2025-08-18 00:00:00+00:00,,,,,,,,,,,,,,,,,,,,,,,,306.0,ESTABLISHED (90-365d),UNKNOWN,UNKNOWN
DEGENUSDT,817,43150,NO_CLEAR_SHORT_EDGE,NoTrade,,,1.0,1.0,2024-03-26 00:00:00+00:00,-0.002848070167002,0.0950334902429256,1.7469259372392898,9.76579917761444,-98.893531911854,2.4528927717096005,1.249187115818695,112.73512963904425,-27.33284349742836,34816458.26208079,0.0065046517747858,0.0300130967745057,,,,,,,65.0,0.9204667031126506,0.6153846153846154,0.2850996842560475,False,816.0,OLD (>365d),HIGH_VOL,MED_LIQ
DINGOUSDT,816,43150,NO_CLEAR_SHORT_EDGE,NoTrade,,,1.0,1.0,2024-03-27 00:00:00+00:00,-0.0001825941522939,0.0766187713291137,1.086549738490817,10.823670418016508,-95.3939393939394,1.424560595528953,0.7526613158289319,72.35376044568244,-31.03212576896788,1267567047.5468135,2.525796568627451e-05,0.0645296235461762,,,,,,,91.0,26.06288012414917,0.3186813186813186,4.310169260877034,True,815.0,OLD (>365d),HIGH_VOL,HIGH_LIQ
DJI6930USDT,0,43149,INSUFFICIENT_HISTORY,NoTrade,,,1.0,1.0,2025-07-29 00:00:00+00:00,,,,,,,,,,,,,,,,,,,,,,,,326.0,ESTABLISHED (90-365d),UNKNOWN,UNKNOWN
DODOUSDT,1095,43149,NO_CLEAR_SHORT_EDGE,NoTrade,,,1.0,1.0,2020-10-12 00:00:00+00:00,-0.0016618766191336,0.0544405466101885,-0.1620472031075793,6.96126644100374,-95.77616187164084,1.3568107274437633,0.7419183461742314,37.34817813765181,-34.727085478887744,8374826.319452054,0.0946403652968036,0.0965301660341396,,,,,,,96.0,-1.1147930560626451,0.5520833333333334,-0.8911582711801144,True,2077.0,OLD (>365d),HIGH_VOL,MED_LIQ
DOGEUSDT,1095,43148,NO_CLEAR_SHORT_EDGE,NoTrade,,,1.0,1.0,2018-11-26 00:00:00+00:00,0.0002193444900536,0.0456572301591522,0.2476115528051395,3.632096336463654,-82.52460492741814,0.5254729026884093,0.2407313387458184,27.014304647868,-22.14665164198325,282756173.79144293,0.1532942465753424,0.3203260753782985,,,,,,,116.0,4.444810275802389,0.5258620689655172,2.3344471360893824,False,2763.0,OLD (>365d),LOW_VOL,HIGH_LIQ
DOGINMEUSDT,695,43147,NO_CLEAR_SHORT_EDGE,NoTrade,,,1.0,1.0,2024-07-26 00:00:00+00:00,-0.0013985593465958,0.1196045047586488,1.54054925358546,8.968402247295717,-96.08606819052484,1.4111418160336568,0.3414627292482847,142.8094575799722,-32.996413433322466,244727536.69094968,0.0003482156115107,-0.0676957376599492,,,,,,,65.0,4.308259817297437,0.6153846153846154,1.1962595796682152,True,694.0,OLD (>365d),HIGH_VOL,MED_LIQ
DOGSUSDT,664,43147,MIXED/UNSTABLE,NoTrade,,,1.0,1.0,2024-08-26 00:00:00+00:00,-0.005178295765369,0.0694128402399348,0.4489989197015662,9.33828333818745,-98.3026404874746,0.9958228534981876,0.6887196851389511,62.914255654918485,-38.47472150814054,9895049206.01485,0.0002396997289156,0.306057556849196,30.0,0.7,4.20909387477728,-100.76055710306406,0.2546265811882303,0.1203627264036275,38.0,-2.866883228640734,0.5789473684210527,-0.7912025192188418,False,663.0,OLD (>365d),MED_VOL,HIGH_LIQ
DOGUSDT,727,43148,NO_CLEAR_SHORT_EDGE,NoTrade,,,1.0,1.0,2024-06-24 00:00:00+00:00,-0.0030896262565365,0.0698723928448055,0.4943924837568114,2.026843894514686,-93.70191297035949,0.7862964374647284,0.4809357744419355,34.7549019607843,-22.848948374761,446825934.66640985,0.0028447883081155,0.4176992637514433,,,,,,,43.0,1.0136270485466443,0.5813953488372093,0.3521168045251288,True,726.0,OLD (>365d),MED_VOL,HIGH_LIQ
DUPEUSDT,0,43146,INSUFFICIENT_HISTORY,NoTrade,,,1.0,1.0,2025-04-29 00:00:00+00:00,,,,,,,,,,,,,,,,,,,,,,,,417.0,OLD (>365d),UNKNOWN,UNKNOWN
ECHOUSDT,0,43145,INSUFFICIENT_HISTORY,NoTrade,,,1.0,1.0,2025-07-02 00:00:00+00:00,,,,,,,,,,,,,,,,,,,,,,,,353.0,ESTABLISHED (90-365d),UNKNOWN,UNKNOWN
ELONUSDT,1095,43145,NO_CLEAR_SHORT_EDGE,NoTrade,,,1.0,1.0,2021-11-21 00:00:00+00:00,-0.0015875107986374,0.0546090420564687,1.2673859257249258,12.635085920496326,-93.02824004034292,0.7646566435129787,0.7140573232128606,69.5382882882883,-26.99077954735959,1322553952548.328,1.375361369863014e-07,0.4977099296064592,,,,,,,82.0,2.1827557749310262,0.573170731707317,0.9528280856398113,True,1672.0,OLD (>365d),MED_VOL,HIGH_LIQ
ESPUSDT,0,43144,INSUFFICIENT_HISTORY,NoTrade,,,1.0,1.0,2026-02-12 00:00:00+00:00,,,,,,,,,,,,,,,,,,,,,,,,128.0,ESTABLISHED (90-365d),UNKNOWN,UNKNOWN
EVAUSDT,0,43144,INSUFFICIENT_HISTORY,NoTrade,,,1.0,1.0,2026-02-11 00:00:00+00:00,,,,,,,,,,,,,,,,,,,,,,,,129.0,ESTABLISHED (90-365d),UNKNOWN,UNKNOWN
FARMUSDT,1095,43143,NO_CLEAR_SHORT_EDGE,NoTrade,,,1.0,1.0,2021-08-11 00:00:00+00:00,-0.001281885131924,0.0481506899287206,2.7732948896283025,41.592366528859,-95.1506876036282,1.0381402911878737,0.6581481989486545,97.29166666666669,-27.066450567260937,6824.60689041096,33.34666210045662,0.113515402383435,,,,,,,76.0,-1.1942536042777043,0.5789473684210527,-0.9856654607074696,True,1774.0,OLD (>365d),MED_VOL,LOW_LIQ
FARTBOYUSDT,0,43142,INSUFFICIENT_HISTORY,NoTrade,,,1.0,1.0,2025-02-21 00:00:00+00:00,,,,,,,,,,,,,,,,,,,,,,,,484.0,OLD (>365d),UNKNOWN,UNKNOWN
FARTCOINUSDT,608,43141,NO_CLEAR_SHORT_EDGE,NoTrade,,,1.0,1.0,2024-10-21 00:00:00+00:00,0.0019802313296519,0.1147816595964816,0.2930549134013568,2.51810056102886,-95.08641860896158,1.1542866246971866,0.854991923345466,58.79793309763394,-41.316218930454426,8110823.364111843,0.5688354769736842,0.4665555468281465,,,,,,,74.0,13.214863469214636,0.5135135135135135,2.7562814689431345,False,607.0,OLD (>365d),HIGH_VOL,MED_LIQ
FBUSDT,643,43141,SPIKE_MEAN_REVERSION_EDGE,SpikeShortDaily,-40.95,40.95,1.0,1.5,2024-09-16 00:00:00+00:00,-0.0063329314634204,0.0588105829375415,0.5271081122473286,9.190557564893316,-98.42509441879984,0.5133335795129526,0.1981951533022031,48.04697472555528,-27.124463519313306,105723.56791601868,1.6385315707620527,-0.2648956788754262,13.0,0.7692307692307693,3.108174556368132,-40.95,0.2125403572837916,0.2854896757186109,25.0,-3.434302354762023,0.8,-1.8985621589048327,False,642.0,OLD (>365d),LOW_VOL,LOW_LIQ
FEGUSDT,1082,43140,NO_CLEAR_SHORT_EDGE,NoTrade,,,1.0,1.0,2023-07-05 00:00:00+00:00,-0.0019899814548822,0.0688934966443783,-3.890408490402499,92.77644055379224,-97.78039872165576,0.4990458385040306,0.2407773213446444,85.56346673213851,-70.0,339292800.01003695,0.0002597219685767,-0.0756119232281418,,,,,,,86.0,1.9381595826792413,0.5581395348837209,0.844431436082496,True,1081.0,OLD (>365d),LOW_VOL,HIGH_LIQ
FIGHTUSDT,0,43140,INSUFFICIENT_HISTORY,NoTrade,,,1.0,1.0,2026-01-22 00:00:00+00:00,,,,,,,,,,,,,,,,,,,,,,,,149.0,ESTABLISHED (90-365d),UNKNOWN,UNKNOWN
FITUSDT,1087,43139,MIXED/UNSTABLE,NoTrade,,,1.0,1.0,2023-06-30 00:00:00+00:00,-0.0050450288245335,0.0826559051228779,1.6341810624953308,35.773983003928265,-99.86261448792672,0.0418851078624597,0.0295851474849007,154.1818181818182,-47.61904761904761,393853124.29563934,0.0033130630358785,0.0530126004633784,25.0,0.52,0.5487879586675756,-71.76739013415433,0.0415509060282117,0.1999516540665979,59.0,-4.466459918669875,0.6101694915254238,-2.52607338830382,False,1086.0,OLD (>365d),LOW_VOL,HIGH_LIQ
FLOCKUSDT,0,43139,INSUFFICIENT_HISTORY,NoTrade,,,1.0,1.0,2024-12-31 00:00:00+00:00,,,,,,,,,,,,,,,,,,,,,,,,536.0,OLD (>365d),UNKNOWN,UNKNOWN
FLOKIUSDT,1095,43138,NO_CLEAR_SHORT_EDGE,NoTrade,,,1.0,1.0,2021-10-08 00:00:00+00:00,-1.1830352500391762e-05,0.0632388971379974,1.295423473965582,10.137075505602008,-92.72647811700068,0.6496193165021472,0.6722116104480756,66.51609665160969,-27.43391360412637,21241971890.939728,9.044864840182648e-05,0.3617573109462652,,,,,,,111.0,11.581465437135844,0.4684684684684684,2.990880426324233,False,1716.0,OLD (>365d),LOW_VOL,HIGH_LIQ
FLORKUSDT,0,43138,INSUFFICIENT_HISTORY,NoTrade,,,1.0,1.0,2026-04-22 00:00:00+00:00,,,,,,,,,,,,,,,,,,,,,,,,59.0,NEW (<90d),UNKNOWN,UNKNOWN
FLOWUSDT,1095,43137,MIXED/UNSTABLE,NoTrade,,,1.0,1.0,2021-03-09 00:00:00+00:00,-0.0026640003468465,0.0503993125926593,-0.4946528741066354,9.17449387972784,-98.41509433962264,0.6812739296917383,0.5158210778559176,31.769163509181,-33.603707995365006,3015009.5936438357,0.5043743196347032,0.4936347179752792,55.0,0.509090909090909,-1.8289252183082856,-153.58593436536137,-0.1572101669562852,0.1237856950630388,101.0,1.2475698143404943,0.4158415841584158,1.122884083273859,False,1929.0,OLD (>365d),LOW_VOL,LOW_LIQ
FOGUSDT,1051,43198,NO_CLEAR_SHORT_EDGE,NoTrade,,,1.0,1.0,,-0.0038253293422359,0.1432578042903456,-0.202486171731879,24.20192909372637,-99.82821943282194,2.087426616591077,1.834649132865196,235.50939663699307,-78.48478399659501,3423673.2365937205,0.2776623786869647,-0.0467430651075188,,,,,,,102.0,15.551065621330045,0.5392156862745098,2.868008189894316,False,,UNKNOWN,HIGH_VOL,LOW_LIQ
FORESTUSDT,0,43136,INSUFFICIENT_HISTORY,NoTrade,,,1.0,1.0,2025-09-01 00:00:00+00:00,,,,,,,,,,,,,,,,,,,,,,,,292.0,ESTABLISHED (90-365d),UNKNOWN,UNKNOWN
FORMUSDT,0,43136,INSUFFICIENT_HISTORY,NoTrade,,,1.0,1.0,2025-03-19 00:00:00+00:00,,,,,,,,,,,,,,,,,,,,,,,,458.0,OLD (>365d),UNKNOWN,UNKNOWN
FREEDOMUSDT,1095,43135,NO_CLEAR_SHORT_EDGE,NoTrade,,,1.0,1.0,2022-12-01 00:00:00+00:00,-0.0017446808110484,0.070308743532421,1.4585377277999585,12.80546563514873,-96.66114136869524,0.7962314332617485,0.8048642458926349,90.46348782927642,-32.14285714285714,946298486862.5278,1.297571872146119e-07,0.1513709402427833,,,,,,,75.0,0.2728649749348689,0.6533333333333333,0.0959487213449827,False,1297.0,OLD (>365d),MED_VOL,HIGH_LIQ
FUNUSDT,0,43135,INSUFFICIENT_HISTORY,NoTrade,,,1.0,1.0,2026-01-15 00:00:00+00:00,,,,,,,,,,,,,,,,,,,,,,,,156.0,ESTABLISHED (90-365d),UNKNOWN,UNKNOWN
FUSDT,0,43143,INSUFFICIENT_HISTORY,NoTrade,,,1.0,1.0,2024-12-06 00:00:00+00:00,,,,,,,,,,,,,,,,,,,,,,,,561.0,OLD (>365d),UNKNOWN,UNKNOWN
FWOGUSDT,690,43134,NO_CLEAR_SHORT_EDGE,NoTrade,,,1.0,1.0,2024-07-31 00:00:00+00:00,-0.0027112130736068,0.1148589028754539,0.7653058821343799,3.37298467354063,-99.40240649141332,1.071703409174711,0.3820181724132441,82.49258160237392,-37.425,8058084.076101449,0.0784616289855072,0.3341638265459639,,,,,,,74.0,10.297197567849974,0.4324324324324324,3.142838652684471,True,689.0,OLD (>365d),MED_VOL,MED_LIQ
GHSTUSDT,1095,43134,NO_CLEAR_SHORT_EDGE,NoTrade,,,1.0,1.0,2020-09-22 00:00:00+00:00,-0.0025287130259122,0.0605260197473998,3.1031860078760225,39.40169656115167,-98.24544988077632,1.2199777764913806,0.3889095495596658,113.11594202898551,-31.10053269862859,611537.7800639269,0.7260775525114155,0.3048496300497251,,,,,,,90.0,3.38434102295646,0.5333333333333333,1.4071759467756866,False,2097.0,OLD (>365d),HIGH_VOL,LOW_LIQ
GIGAUSDT,699,43133,NO_CLEAR_SHORT_EDGE,NoTrade,,,1.0,1.0,2024-07-22 00:00:00+00:00,-0.0023764570414156,0.0920216260211604,0.4741499984384085,2.640515330875952,-98.1682948490231,1.0805089037608828,0.9205799435258292,67.78042959427206,-30.01383125864454,8698001.639442058,0.0199940057224606,0.3434800642783089,,,,,,,57.0,3.467354225321848,0.5789473684210527,1.009723050482201,False,698.0,OLD (>365d),MED_VOL,MED_LIQ
GIGGLEUSDT,0,43133,INSUFFICIENT_HISTORY,NoTrade,,,1.0,1.0,2025-09-22 00:00:00+00:00,,,,,,,,,,,,,,,,,,,,,,,,271.0,ESTABLISHED (90-365d),UNKNOWN,UNKNOWN
GMEUSDT,768,43132,MIXED/UNSTABLE,NoTrade,,,1.0,1.0,2024-05-14 00:00:00+00:00,-0.0045552073064036,0.1034191591757837,3.2925141941688825,38.96129166175528,-98.19608724983134,0.8463725249131953,0.8934300911936358,268.00726517903485,-35.73544660050363,83162917.96541667,0.002503883203125,0.6444938721014613,22.0,0.7272727272727273,4.437024490203144,-72.6932811195994,0.1782481404778225,0.1963817004867706,51.0,-7.108947681400878,0.7254901960784313,-2.369207730772335,True,767.0,OLD (>365d),MED_VOL,MED_LIQ
GOATEDUSDT,0,43131,INSUFFICIENT_HISTORY,NoTrade,,,1.0,1.0,2025-09-27 00:00:00+00:00,,,,,,,,,,,,,,,,,,,,,,,,266.0,ESTABLISHED (90-365d),UNKNOWN,UNKNOWN
GOATUSDT,616,43131,SPIKE_MEAN_REVERSION_EDGE,SpikeShortDaily,-41.31,41.31,1.0,1.0,2024-10-13 00:00:00+00:00,-0.002447257079839,0.0975944498640335,2.2420211610475453,19.501479075707653,-98.96349670091588,0.7497274965905573,0.4861262152101807,156.42036124794743,-35.78114109329882,14779103.500633117,0.1552712012987013,0.3465111575480284,15.0,0.6,6.071470883567245,-41.31,0.332927127325704,0.2753500950901864,39.0,-4.009496677167023,0.5641025641025641,-1.5702217481495409,False,615.0,OLD (>365d),LOW_VOL,MED_LIQ
GOBLINUSDT,0,43130,INSUFFICIENT_HISTORY,NoTrade,,,1.0,1.0,2026-05-11 00:00:00+00:00,,,,,,,,,,,,,,,,,,,,,,,,40.0,NEW (<90d),UNKNOWN,UNKNOWN
GOCHUUSDT,699,43130,NO_CLEAR_SHORT_EDGE,NoTrade,,,1.0,1.0,2024-07-22 00:00:00+00:00,-0.0008738620721488,0.067609607580574,-0.1409957500487836,11.74440896822242,-94.42077364377496,0.3828619866952232,0.3383605006152589,52.022236956189104,-33.74910265613784,447920680090.0315,8.462090128755366e-07,0.364842624638554,,,,,,,64.0,-2.5976569096215494,0.609375,-1.3331086359595714,False,698.0,OLD (>365d),LOW_VOL,HIGH_LIQ
GOHOMEUSDT,400,43197,MIXED/UNSTABLE,NoTrade,,,1.0,1.0,,-0.0029631358374951,0.0233649707856401,-0.7983418896033406,3.077434851859453,-71.6651439013248,0.3379351232506185,0.3891904306771009,5.979511970534079,-11.30447716793098,1376.443735,151.68597499999998,0.0122301921981138,5.0,0.8,-4.419365851496521,-33.34000000000002,-0.3048193516654199,0.3724576265911643,8.0,-5.0777400860559805,1.0,-4.8439310197869965,False,,UNKNOWN,LOW_VOL,LOW_LIQ
GRIFFAINUSDT,0,43129,INSUFFICIENT_HISTORY,NoTrade,,,1.0,1.0,2024-12-10 00:00:00+00:00,,,,,,,,,,,,,,,,,,,,,,,,557.0,OLD (>365d),UNKNOWN,UNKNOWN
GROKUSDT,958,43129,NO_CLEAR_SHORT_EDGE,NoTrade,,,1.0,1.0,2023-11-06 00:00:00+00:00,-0.0010639043293701,0.0983516304773101,1.508297628814687,9.217580658723325,-98.95826771653545,1.0964589763452215,1.2717085020866727,112.60330578512394,-34.977942883677734,162097176.69180584,0.0046045956158663,0.6110460380415368,,,,,,,72.0,-1.9092509226615288,0.5555555555555556,-0.6535844596759806,False,957.0,OLD (>365d),HIGH_VOL,MED_LIQ
GUAUSDT,0,43128,INSUFFICIENT_HISTORY,NoTrade,,,1.0,1.0,2025-11-27 00:00:00+00:00,,,,,,,,,,,,,,,,,,,,,,,,205.0,ESTABLISHED (90-365d),UNKNOWN,UNKNOWN
HANAUSDT,0,43127,INSUFFICIENT_HISTORY,NoTrade,,,1.0,1.0,2025-09-26 00:00:00+00:00,,,,,,,,,,,,,,,,,,,,,,,,267.0,ESTABLISHED (90-365d),UNKNOWN,UNKNOWN
HAROLDUSDT,0,43078,INSUFFICIENT_HISTORY,NoTrade,,,1.0,1.0,2025-01-16 00:00:00+00:00,,,,,,,,,,,,,,,,,,,,,,,,520.0,OLD (>365d),UNKNOWN,UNKNOWN
HARRYUSDT,1067,43078,NO_CLEAR_SHORT_EDGE,NoTrade,,,1.0,1.0,2023-07-20 00:00:00+00:00,-0.0015798609163472,0.1010101743143113,0.9469748581050538,3.3528304656323176,-96.79895383215828,0.9599268693514914,0.2996601483484667,94.01066925315229,-26.788842474060093,2343782.7838331773,0.0922458200562324,0.1024599929793132,,,,,,,96.0,5.1096417458406425,0.53125,1.8636385346011648,True,1066.0,OLD (>365d),MED_VOL,LOW_LIQ
HIPPOUSDT,628,43077,NO_CLEAR_SHORT_EDGE,NoTrade,,,1.0,1.0,2024-10-01 00:00:00+00:00,-0.0059454138109932,0.1245203980173062,-2.070276692153173,52.88623275718378,-99.43429795577502,1.3155128316879567,0.9271472735624272,224.6535069298614,-77.96327212020033,312016964.832707,0.0037661205414012,0.2260841303950214,,,,,,,59.0,8.979461791109578,0.4915254237288136,1.1310291392027605,False,627.0,OLD (>365d),HIGH_VOL,HIGH_LIQ
HIVEUSDT,1095,43077,SPIKE_MEAN_REVERSION_EDGE,SpikeShortDaily,-15.92,15.92,1.0,2.5,2020-04-23 00:00:00+00:00,-0.0017114303617606,0.0440562159582707,0.8149650168640987,14.268217092986252,-92.892749244713,0.9253540462846692,0.3742771153955871,51.7241379310345,-24.175824175824168,1861546.332191781,0.2383369132420091,0.0579630784903479,31.0,0.6451612903225806,2.0249902974518075,-32.149364237143715,0.2249194914987883,0.1074532889506959,74.0,-2.4336770370439966,0.6216216216216216,-2.583117880954632,False,2249.0,OLD (>365d),MED_VOL,LOW_LIQ
HMSTRUSDT,633,43196,MIXED/UNSTABLE,NoTrade,,,1.0,1.0,,-0.0059084792685952,0.0655865558195021,0.8047239671660227,17.825223674484448,-98.07448844398644,2.1753508171016223,0.7895828761134975,80.5130168453292,-34.620334620334624,1191050334.9324012,0.0014008105845181,0.3576423940082617,31.0,0.5806451612903226,-0.569899766783846,-131.19800498753114,-0.0332115320655721,0.1791704037942612,44.0,-3.202151337189422,0.5681818181818182,-1.4389248530925085,False,,UNKNOWN,HIGH_VOL,HIGH_LIQ
HOLOUSDT,0,43076,INSUFFICIENT_HISTORY,NoTrade,,,1.0,1.0,2025-09-11 00:00:00+00:00,,,,,,,,,,,,,,,,,,,,,,,,282.0,ESTABLISHED (90-365d),UNKNOWN,UNKNOWN
HOOLIUSDT,0,43075,INSUFFICIENT_HISTORY,NoTrade,,,1.0,1.0,2026-05-15 00:00:00+00:00,,,,,,,,,,,,,,,,,,,,,,,,36.0,NEW (<90d),UNKNOWN,UNKNOWN
HOSKYUSDT,1095,43075,NO_CLEAR_SHORT_EDGE,NoTrade,,,1.0,1.0,2022-02-09 00:00:00+00:00,-0.0003212423648387,0.0906135426453398,1.762709925487673,13.273669207018653,-98.14531737682432,1.1875511203510785,1.33651063253331,126.6068856120814,-33.985,169111563202.81384,3.720930958904109e-08,0.2172341779654126,,,,,,,101.0,18.957485619077627,0.495049504950495,3.1658017848583224,False,1592.0,OLD (>365d),HIGH_VOL,HIGH_LIQ
HOUSEUSDT,0,43074,INSUFFICIENT_HISTORY,NoTrade,,,1.0,1.0,2025-04-01 00:00:00+00:00,,,,,,,,,,,,,,,,,,,,,,,,445.0,OLD (>365d),UNKNOWN,UNKNOWN
HUNDUSDT,810,43074,MIXED/UNSTABLE,NoTrade,,,1.0,1.0,2024-04-02 00:00:00+00:00,-0.0055834526604134,0.0832666064790952,1.7993436709543011,22.2740557926107,-99.2113985448666,1.5263531904782617,0.4724502913344174,151.9960079840319,-34.93506493506494,82419590.55298765,0.005023414074074,0.3265228783850896,23.0,0.6956521739130435,-0.926371445563024,-109.91063519098478,-0.0345358420515634,0.1801897810879152,55.0,-7.519778135247969,0.7454545454545455,-3.963115739920178,False,809.0,OLD (>365d),HIGH_VOL,MED_LIQ
ICECREAMUSDT,400,43196,MIXED/UNSTABLE,NoTrade,,,1.0,1.0,,-0.0066840537240738,0.0431719980540253,-0.8571673154050299,31.828292750346897,-94.68829194120627,0.3622017218959537,0.5348709100282986,36.80351906158359,-32.16986620127982,6355365.953599999,0.0093025875,0.0132881911733624,7.0,0.5714285714285714,-0.027238977383433,-28.22466237942124,-0.0022679295859586,0.5896570527057149,19.0,-1.9791074031391307,0.5789473684210527,-1.7481158491227151,False,,UNKNOWN,LOW_VOL,MED_LIQ
IDUSDT,1095,43073,NO_CLEAR_SHORT_EDGE,NoTrade,,,1.0,1.0,2023-03-22 00:00:00+00:00,-0.0022374707355936,0.0564063603946268,1.5561003901056705,23.656121186414836,-98.62460108228112,1.981254753253934,1.1938875212056466,89.14452596338774,-31.144211238997965,2923887.6226575347,0.2971954703196346,0.1838046689685292,,,,,,,91.0,2.412248779793797,0.4945054945054945,0.993104424005148,False,1186.0,OLD (>365d),HIGH_VOL,LOW_LIQ
IKAUSDT,0,43073,INSUFFICIENT_HISTORY,NoTrade,,,1.0,1.0,2025-07-29 00:00:00+00:00,,,,,,,,,,,,,,,,,,,,,,,,326.0,ESTABLISHED (90-365d),UNKNOWN,UNKNOWN
INUSDT,0,43072,INSUFFICIENT_HISTORY,NoTrade,,,1.0,1.0,2025-08-07 00:00:00+00:00,,,,,,,,,,,,,,,,,,,,,,,,317.0,ESTABLISHED (90-365d),UNKNOWN,UNKNOWN
IQUSDT,1095,43071,NO_CLEAR_SHORT_EDGE,NoTrade,,,1.0,1.0,2020-06-19 00:00:00+00:00,-0.0015582201955562,0.0415565038613058,1.3883693524671925,17.554774402752287,-95.0491510277033,0.500978422952348,0.2604060932429116,57.43753322700691,-18.297912894310485,54261592.56330594,0.0048840852054794,0.1620675156220777,,,,,,,88.0,0.7504721524645248,0.5681818181818182,0.5798456186702066,True,2192.0,OLD (>365d),LOW_VOL,MED_LIQ
JAGERUSDT,0,43071,INSUFFICIENT_HISTORY,NoTrade,,,1.0,1.0,2025-05-05 00:00:00+00:00,,,,,,,,,,,,,,,,,,,,,,,,411.0,OLD (>365d),UNKNOWN,UNKNOWN
JOEUSDT,1095,43070,NO_CLEAR_SHORT_EDGE,NoTrade,,,1.0,1.0,2021-11-23 00:00:00+00:00,-0.002297025475185,0.0550510342078163,0.4762531403212015,7.455216890600436,-97.4931373417161,0.8468676491286955,0.7103560430965286,59.91177281499864,-26.79269882659714,1425966.475305936,0.2802155525114155,0.2372446741183888,,,,,,,88.0,-0.0529836550373688,0.5795454545454546,-0.0338684408473715,False,1670.0,OLD (>365d),MED_VOL,LOW_LIQ
JYAIUSDT,0,43070,INSUFFICIENT_HISTORY,NoTrade,,,1.0,1.0,2025-04-23 00:00:00+00:00,,,,,,,,,,,,,,,,,,,,,,,,423.0,OLD (>365d),UNKNOWN,UNKNOWN
KASPYUSDT,598,43195,NO_CLEAR_SHORT_EDGE,NoTrade,,,1.0,1.0,,-0.0054986682848217,0.0966506077876034,0.8293226774772655,7.496364576089316,-97.76627856834844,1.2560899727680517,0.3976697054699538,85.09615384615384,-36.83510638297872,3000233453.4835954,1.1523127090301002e-05,0.0699253635516593,,,,,,,39.0,-0.6575700528713071,0.6666666666666666,-0.2074678123950204,False,,UNKNOWN,HIGH_VOL,HIGH_LIQ
KATAUSDT,1095,43194,NO_CLEAR_SHORT_EDGE,NoTrade,,,1.0,1.0,,-0.0022825542315977,0.0714849903172027,0.7993985576370364,4.499763878875279,-99.207868852459,1.0092209287922498,0.6538145118351593,61.96760647870428,-29.94628216002261,358049343.79193604,0.0004910130410958,0.0727067863028597,,,,,,,87.0,2.649105324540981,0.5287356321839081,1.3537414556697691,True,,UNKNOWN,MED_VOL,HIGH_LIQ
KATUSDT,0,43069,INSUFFICIENT_HISTORY,NoTrade,,,1.0,1.0,2026-03-18 00:00:00+00:00,,,,,,,,,,,,,,,,,,,,,,,,94.0,ESTABLISHED (90-365d),UNKNOWN,UNKNOWN
KEKIUSUSDT,0,43069,INSUFFICIENT_HISTORY,NoTrade,,,1.0,1.0,2024-12-28 00:00:00+00:00,,,,,,,,,,,,,,,,,,,,,,,,539.0,OLD (>365d),UNKNOWN,UNKNOWN
KEYCATUSDT,0,43068,INSUFFICIENT_HISTORY,NoTrade,,,1.0,1.0,2025-01-15 00:00:00+00:00,,,,,,,,,,,,,,,,,,,,,,,,521.0,OLD (>365d),UNKNOWN,UNKNOWN
KIBSHIUSDT,0,43067,INSUFFICIENT_HISTORY,NoTrade,,,1.0,1.0,2024-11-17 00:00:00+00:00,,,,,,,,,,,,,,,,,,,,,,,,580.0,OLD (>365d),UNKNOWN,UNKNOWN
KISHUUSDT,1095,43067,NO_CLEAR_SHORT_EDGE,NoTrade,,,1.0,1.0,2021-06-28 00:00:00+00:00,-0.000657784570389,0.0755649434153518,0.3960269249846988,12.851588535034452,-97.82533936651583,1.8038146988070447,1.8314030097393268,76.29227823867262,-50.02526528549773,598296464481526.6,2.360467488584474e-10,0.1167894363152907,,,,,,,99.0,8.561224821255102,0.5252525252525253,2.2998130643945256,True,1818.0,OLD (>365d),HIGH_VOL,HIGH_LIQ
KOMAUSDT,0,43066,INSUFFICIENT_HISTORY,NoTrade,,,1.0,1.0,2024-11-17 00:00:00+00:00,,,,,,,,,,,,,,,,,,,,,,,,580.0,OLD (>365d),UNKNOWN,UNKNOWN
LADYSUSDT,1095,43065,NO_CLEAR_SHORT_EDGE,NoTrade,,,1.0,1.0,2023-05-11 00:00:00+00:00,-0.001869523420984,0.0768778877877611,0.8744439238435474,5.003604174158875,-98.5248899075481,0.9303361653197058,0.7972850635517187,53.22179694590221,-28.779395296752508,2998745958857.7773,6.146855251141554e-08,0.1620527284338996,,,,,,,80.0,9.091292519489803,0.575,2.0367093461197583,True,1136.0,OLD (>365d),MED_VOL,HIGH_LIQ
LBUSDT,717,43194,MIXED/UNSTABLE,NoTrade,,,1.0,1.0,,-0.0059396155003493,0.1216673739188733,0.4902955704231792,7.388227551715328,-99.11711711711712,1.3981693949408651,2.8472184626277093,126.17886178861784,-49.24965893587995,298543498232.7611,1.3765059972105994e-06,0.0832825358556233,16.0,0.75,11.205783207203227,-56.579999999999984,0.4158320859376739,0.2138443052064594,34.0,-7.530730083856175,0.6176470588235294,-2.0010824705273835,False,,UNKNOWN,HIGH_VOL,HIGH_LIQ
LIKEUSDT,1095,43065,NO_CLEAR_SHORT_EDGE,NoTrade,,,1.0,1.0,2021-09-23 00:00:00+00:00,-0.0010820364623745,0.0942861453947732,1.2189139080091755,7.351366743330276,-99.63528077368572,1.557900724920089,1.757169095142042,121.31850675139,-28.326478595840825,10096417.511789951,0.0272325369863013,-0.1256782113881796,,,,,,,91.0,14.178603982144448,0.5384615384615384,1.929178159817391,False,1731.0,OLD (>365d),HIGH_VOL,MED_LIQ
LKYUSDT,0,43064,INSUFFICIENT_HISTORY,NoTrade,,,1.0,1.0,2024-11-19 00:00:00+00:00,,,,,,,,,,,,,,,,,,,,,,,,578.0,OLD (>365d),UNKNOWN,UNKNOWN
LOBOUSDT,725,43064,MIXED/UNSTABLE,NoTrade,,,1.0,1.0,2024-06-26 00:00:00+00:00,-0.0050540488438152,0.0902639581546353,1.853782548718588,8.328234328142546,-97.8434093161546,0.928375173822587,0.8698108848945564,79.39844760672705,-26.62071936248116,281452298.3640276,0.000433870537931,0.1480344822253627,16.0,0.5,-4.133200623280657,-129.670999053679,-0.1441659911538919,0.2136459446755248,47.0,-6.098836551726388,0.7446808510638298,-2.000338357041749,True,724.0,OLD (>365d),MED_VOL,MED_LIQ
LOFIUSDT,400,43193,MIXED/UNSTABLE,NoTrade,,,1.0,1.0,,-0.007419345205233,0.0882108595427307,1.029455579503117,3.6000750801498542,-96.186259105842,1.1122931123640727,1.0848026558165411,55.12465373961219,-22.344784115978577,6683153.64395,0.0149354274999999,0.134177247938072,9.0,0.4444444444444444,-3.5293094932394315,-54.71345634228754,-0.1596476741802718,0.3622203144050428,18.0,-8.518582049997297,0.6111111111111112,-2.976920458819289,False,,UNKNOWN,HIGH_VOL,MED_LIQ
LUNAUSDT,1095,43063,NO_CLEAR_SHORT_EDGE,NoTrade,,,1.0,1.0,2022-05-28 00:00:00+00:00,-0.0022853146603982,0.0572036420984275,1.184996171650606,15.878416754037572,-96.06329816768462,0.5910013190996485,0.3217666784325029,74.95334853825419,-33.630289532293986,4802442.923452055,0.3602878538812785,0.30894844184975,,,,,,,83.0,-0.7082036167627646,0.6024096385542169,-0.3309362120645004,False,1484.0,OLD (>365d),LOW_VOL,LOW_LIQ
MAGATRUMPUSDT,838,43192,MIXED/UNSTABLE,NoTrade,,,1.0,1.0,,-0.0070663124324633,0.0842072127213855,-0.0301924910180057,5.2332159899101125,-99.85239895318408,0.7514567104271267,0.7544365191628316,46.04349838037947,-39.12382111347734,663966.559856802,1.963818675417661,0.0957095134723636,38.0,0.6842105263157895,0.9443182814934756,-181.50264353357693,0.0328377374135105,0.2073089242697777,41.0,-2.234009397861181,0.6829268292682927,-0.9276914539029404,True,,UNKNOWN,LOW_VOL,LOW_LIQ
MAGAUSDT,0,43063,INSUFFICIENT_HISTORY,NoTrade,,,1.0,1.0,2026-04-22 00:00:00+00:00,,,,,,,,,,,,,,,,,,,,,,,,59.0,NEW (<90d),UNKNOWN,UNKNOWN
MAJORUSDT,0,43062,INSUFFICIENT_HISTORY,NoTrade,,,1.0,1.0,2024-11-28 00:00:00+00:00,,,,,,,,,,,,,,,,,,,,,,,,569.0,OLD (>365d),UNKNOWN,UNKNOWN
MANEKIUSDT,787,43061,MIXED/UNSTABLE,NoTrade,,,1.0,1.0,2024-04-25 00:00:00+00:00,-0.0058897197193201,0.0823046575818592,0.7882709455073563,12.550117850617442,-99.14827439284193,0.64650040218118,0.5971680431705804,107.87330316742084,-42.95863867842505,96245467.44010164,0.0033017002541296,0.035834269589511,33.0,0.3939393939393939,-3.5623156065259307,-123.59966364876732,-0.1795682214050644,0.1884074004337504,49.0,-1.6006460320600973,0.6326530612244898,-0.5046511889306955,True,786.0,OLD (>365d),LOW_VOL,MED_LIQ
MANUSDT,1095,43061,NO_CLEAR_SHORT_EDGE,NoTrade,,,1.0,1.0,2023-03-16 00:00:00+00:00,-0.0024859197368366,0.0660541020390224,0.3495188632777408,1.6852098466480534,-98.1244221371021,1.039044970708525,1.0317324186179757,31.01176470588234,-22.160373100646915,3670719.103963471,0.0161969589041095,0.0786479869629616,,,,,,,81.0,2.0115813093475,0.5308641975308642,0.968964032582198,False,1192.0,OLD (>365d),MED_VOL,LOW_LIQ
MANYUUSDT,0,43039,INSUFFICIENT_HISTORY,NoTrade,,,1.0,1.0,2025-07-04 00:00:00+00:00,,,,,,,,,,,,,,,,,,,,,,,,351.0,ESTABLISHED (90-365d),UNKNOWN,UNKNOWN
MASKUSDT,1095,43038,NO_CLEAR_SHORT_EDGE,NoTrade,,,1.0,1.0,2021-02-24 00:00:00+00:00,-0.0020526143116516,0.0488541290576286,-1.039107214766637,13.991253841587206,-94.0313862249346,0.6704908624417674,0.6420028597424666,40.8450704225352,-33.657182512144345,582014.0212511417,2.186234794520548,0.4535949379866662,,,,,,,101.0,-0.5352417493817918,0.5346534653465347,-0.4416533574487284,False,1942.0,OLD (>365d),LOW_VOL,LOW_LIQ
MBXUSDT,1095,43037,MIXED/UNSTABLE,NoTrade,,,1.0,1.0,2022-07-01 00:00:00+00:00,-0.0033398130931819,0.0419588830555164,0.5878343342943394,8.308758222364565,-98.4206525552567,0.8723657921620129,0.6320456002693058,39.14246196403872,-22.061747164074376,592699.8801095891,0.4161953424657534,0.0668023094211282,25.0,0.48,-3.6775504821064864,-118.94744242372276,-0.2677178045648071,0.1857601988505901,64.0,-2.886244644988952,0.6875,-2.579786504518913,False,1450.0,OLD (>365d),MED_VOL,LOW_LIQ
MEEPUSDT,0,43036,INSUFFICIENT_HISTORY,NoTrade,,,1.0,1.0,2026-03-31 00:00:00+00:00,,,,,,,,,,,,,,,,,,,,,,,,81.0,NEW (<90d),UNKNOWN,UNKNOWN
MEGAUSDT,0,43036,INSUFFICIENT_HISTORY,NoTrade,,,1.0,1.0,2026-04-30 00:00:00+00:00,,,,,,,,,,,,,,,,,,,,,,,,51.0,NEW (<90d),UNKNOWN,UNKNOWN
MELANIAUSDT,0,43035,INSUFFICIENT_HISTORY,NoTrade,,,1.0,1.0,2025-01-20 00:00:00+00:00,,,,,,,,,,,,,,,,,,,,,,,,516.0,OLD (>365d),UNKNOWN,UNKNOWN
MEMECOINUSDT,0,43034,INSUFFICIENT_HISTORY,NoTrade,,,1.0,1.0,2026-05-20 00:00:00+00:00,,,,,,,,,,,,,,,,,,,,,,,,31.0,NEW (<90d),UNKNOWN,UNKNOWN
MEMEFIUSDT,0,43033,INSUFFICIENT_HISTORY,NoTrade,,,1.0,1.0,2024-11-22 00:00:00+00:00,,,,,,,,,,,,,,,,,,,,,,,,575.0,OLD (>365d),UNKNOWN,UNKNOWN
MEMESUSDT,0,43033,INSUFFICIENT_HISTORY,NoTrade,,,1.0,1.0,2026-01-21 00:00:00+00:00,,,,,,,,,,,,,,,,,,,,,,,,150.0,ESTABLISHED (90-365d),UNKNOWN,UNKNOWN
MEMEUSDT,961,43035,MIXED/UNSTABLE,NoTrade,,,1.0,1.0,2023-11-03 00:00:00+00:00,-0.0040284439235899,0.0698924593663503,0.9965828218371372,10.673032911873229,-99.0976821192053,1.490532353996486,1.2814175425453138,76.42105263157895,-35.5081555834379,566994883.397201,0.010807416441207,0.3137102415742205,47.0,0.6382978723404256,2.625622382296016,-92.37366284191108,0.1485247942964307,0.0733110009958403,75.0,-0.425438368262681,0.56,-0.1755069633673823,False,960.0,OLD (>365d),HIGH_VOL,HIGH_LIQ
METISUSDT,1095,43032,NO_CLEAR_SHORT_EDGE,NoTrade,,,1.0,1.0,2021-12-18 00:00:00+00:00,-0.0016688552030636,0.0599047222327864,0.3714160394404813,5.804697536057818,-98.18908221940109,0.8616126138535093,0.6713325005694862,47.98869319417265,-34.77600607441155,30447.92067853881,30.137934246575345,0.2116582829902335,,,,,,,96.0,2.717564902721081,0.5208333333333334,0.9300956595934424,False,1645.0,OLD (>365d),MED_VOL,LOW_LIQ
METUSDT,0,43032,INSUFFICIENT_HISTORY,NoTrade,,,1.0,1.0,2025-10-23 00:00:00+00:00,,,,,,,,,,,,,,,,,,,,,,,,240.0,ESTABLISHED (90-365d),UNKNOWN,UNKNOWN
MEUSDT,0,43037,INSUFFICIENT_HISTORY,NoTrade,,,1.0,1.0,2024-12-10 00:00:00+00:00,,,,,,,,,,,,,,,,,,,,,,,,557.0,OLD (>365d),UNKNOWN,UNKNOWN
MEWUSDT,808,43031,NO_CLEAR_SHORT_EDGE,NoTrade,,,1.0,1.0,2024-04-04 00:00:00+00:00,-0.0034487335020172,0.0765662880356763,1.018761328091104,8.535414413016753,-97.190362241109,0.7982233692653634,0.4527994794238538,89.97314234556852,-26.89790575916231,405530068.60893565,0.0033790436881188,0.182371213486144,,,,,,,66.0,-1.8785838096909893,0.5909090909090909,-1.1224179481050156,False,807.0,OLD (>365d),MED_VOL,HIGH_LIQ
MGOUSDT,0,43031,INSUFFICIENT_HISTORY,NoTrade,,,1.0,1.0,2025-06-24 00:00:00+00:00,,,,,,,,,,,,,,,,,,,,,,,,361.0,ESTABLISHED (90-365d),UNKNOWN,UNKNOWN
MIGGLESUSDT,702,43030,NO_CLEAR_SHORT_EDGE,NoTrade,,,1.0,1.0,2024-07-19 00:00:00+00:00,-0.0052039658350496,0.0959105790196071,0.9316572027880544,3.898001978204712,-98.88881825694487,1.091785612635561,0.6830462866723586,67.95598911070782,-29.821073558648106,9131428.126951568,0.0301564487179487,0.011780513415191,,,,,,,51.0,21.003405334833147,0.5686274509803921,2.0913999429223677,True,701.0,OLD (>365d),HIGH_VOL,MED_LIQ
MILLIUSDT,821,43029,NO_CLEAR_SHORT_EDGE,NoTrade,,,1.0,1.0,2024-03-22 00:00:00+00:00,-0.0032144191427416,0.1164922119020861,0.4355107336110038,4.795904717068474,-94.66097725971797,1.4521221903313926,1.1799171018430987,86.05341246290803,-44.552394170714784,19401899846.42167,4.87663946406821e-06,-0.1374008857597821,,,,,,,83.0,2.385310400107825,0.6144578313253012,0.6574886282693919,True,820.0,OLD (>365d),HIGH_VOL,HIGH_LIQ
MINDFAKUSDT,0,43029,INSUFFICIENT_HISTORY,NoTrade,,,1.0,1.0,2025-08-21 00:00:00+00:00,,,,,,,,,,,,,,,,,,,,,,,,303.0,ESTABLISHED (90-365d),UNKNOWN,UNKNOWN
MIUUSDT,0,43028,INSUFFICIENT_HISTORY,NoTrade,,,1.0,1.0,2025-03-25 00:00:00+00:00,,,,,,,,,,,,,,,,,,,,,,,,452.0,OLD (>365d),UNKNOWN,UNKNOWN
MOCHIUSDT,937,43028,NO_CLEAR_SHORT_EDGE,NoTrade,,,1.0,1.0,2023-11-27 00:00:00+00:00,-0.0001130467825426,0.1160977573498834,1.5993950146134803,7.800622923326603,-98.96034746053036,1.131772278703553,0.9646480132410606,155.6223043746149,-26.55921513665032,11120148341.667025,1.2497885272145143e-05,0.1862612647075065,,,,,,,88.0,6.986765030052897,0.5909090909090909,1.470437199526168,False,936.0,OLD (>365d),HIGH_VOL,HIGH_LIQ
MOEWUSDT,675,43027,SPIKE_MEAN_REVERSION_EDGE,SpikeShortDaily,-44.09,44.09,1.0,1.0,2024-08-15 00:00:00+00:00,-0.0012978550502789,0.0821202059039244,3.377807055185668,37.42556463785553,-94.03002276197886,0.6325630241310443,0.4752274739501883,178.55983772819476,-24.88146911519198,399932864.6517185,0.000507644,0.1748736294382119,19.0,0.631578947368421,2.4429337460003526,-44.09000000000002,0.1496976916985277,0.3331488979414065,53.0,-6.394636400822953,0.7358490566037735,-2.2505754759270653,True,674.0,OLD (>365d),LOW_VOL,HIGH_LIQ
MOGUSDT,856,43027,NO_CLEAR_SHORT_EDGE,NoTrade,,,1.0,1.0,2024-02-16 00:00:00+00:00,-7.84988050307006e-05,0.0935618234615713,0.6313110822481991,2.6773020212096466,-97.34769455455874,0.727877834742581,0.666339901527421,58.31134564643799,-35.668163952835485,1256925231739.9265,9.075234813084112e-07,0.1912216851648798,,,,,,,87.0,4.926372321423775,0.5402298850574713,1.5283008071506927,False,855.0,OLD (>365d),LOW_VOL,HIGH_LIQ
MOLTUSDT,0,43026,INSUFFICIENT_HISTORY,NoTrade,,,1.0,1.0,2026-01-30 00:00:00+00:00,,,,,,,,,,,,,,,,,,,,,,,,141.0,ESTABLISHED (90-365d),UNKNOWN,UNKNOWN
MOMOUSDT,0,43025,INSUFFICIENT_HISTORY,NoTrade,,,1.0,1.0,2025-07-17 00:00:00+00:00,,,,,,,,,,,,,,,,,,,,,,,,338.0,ESTABLISHED (90-365d),UNKNOWN,UNKNOWN
MOODENGUSDT,640,43025,NO_CLEAR_SHORT_EDGE,NoTrade,,,1.0,1.0,2024-09-19 00:00:00+00:00,0.0012117662399077,0.1143189456204418,2.709516241947741,16.82318365432562,-96.37309886699748,0.7267182383212394,0.3145821327693377,185.14540214828403,-28.44344904815229,45231020.85170313,0.1284785156249999,0.4008763945193681,,,,,,,58.0,2.820703010691948,0.5689655172413793,0.4402321068319184,False,639.0,OLD (>365d),LOW_VOL,MED_LIQ
MORIUSDT,0,43024,INSUFFICIENT_HISTORY,NoTrade,,,1.0,1.0,2025-07-07 00:00:00+00:00,,,,,,,,,,,,,,,,,,,,,,,,348.0,ESTABLISHED (90-365d),UNKNOWN,UNKNOWN
MPCUSDT,751,43024,MIXED/UNSTABLE,NoTrade,,,1.0,1.0,2024-05-31 00:00:00+00:00,-0.0046527617606379,0.0724537794707769,2.0155511842631806,28.05871388488558,-98.69897209985317,1.5099250817274472,0.152718569734599,131.59108378170637,-32.39294710327456,401402.3181890812,0.0509542077230359,0.3863816232864775,36.0,0.6388888888888888,-0.1886308801571497,-165.07559633027526,-0.0087512378777789,0.1496388425938281,52.0,-1.699608027571332,0.75,-0.3328895074146724,False,750.0,OLD (>365d),HIGH_VOL,LOW_LIQ
MTPUSDT,0,43023,INSUFFICIENT_HISTORY,NoTrade,,,1.0,1.0,2025-08-25 00:00:00+00:00,,,,,,,,,,,,,,,,,,,,,,,,299.0,ESTABLISHED (90-365d),UNKNOWN,UNKNOWN
MUBARAKUSDT,0,43023,INSUFFICIENT_HISTORY,NoTrade,,,1.0,1.0,2025-03-14 00:00:00+00:00,,,,,,,,,,,,,,,,,,,,,,,,463.0,OLD (>365d),UNKNOWN,UNKNOWN
NAIUSDT,795,43022,MIXED/UNSTABLE,NoTrade,,,1.0,1.0,2024-04-17 00:00:00+00:00,-0.0069319357888329,0.0882961256138545,1.7233905595075474,13.07380168034004,-99.83837743622246,2.776640179416179,0.8598248880857448,134.6096654275093,-30.99943534726144,25672026.62856604,0.0040698240251572,0.0643487388690503,37.0,0.6486486486486487,4.8315489820861375,-133.61833136139845,0.2144915082537958,0.0934353640925472,44.0,-2.672918151615604,0.6363636363636364,-0.818456361832466,False,794.0,OLD (>365d),HIGH_VOL,MED_LIQ
NAKAUSDT,1095,43022,NO_CLEAR_SHORT_EDGE,NoTrade,,,1.0,1.0,2022-01-29 00:00:00+00:00,-0.0020800670112541,0.0617228648655335,0.527144261199229,4.45075268825247,-98.9178051075705,0.762437186192255,0.4919832337129721,54.04304828388597,-25.08383635144199,2935491.621260274,0.7447305570776256,0.081002887491955,,,,,,,86.0,1.981435367174296,0.4883720930232558,1.2230856495194784,True,1603.0,OLD (>365d),MED_VOL,LOW_LIQ
NEETUSDT,0,43021,INSUFFICIENT_HISTORY,NoTrade,,,1.0,1.0,2026-02-27 00:00:00+00:00,,,,,,,,,,,,,,,,,,,,,,,,113.0,ESTABLISHED (90-365d),UNKNOWN,UNKNOWN
NOBODYUSDT,0,43020,INSUFFICIENT_HISTORY,NoTrade,,,1.0,1.0,2025-04-25 00:00:00+00:00,,,,,,,,,,,,,,,,,,,,,,,,421.0,OLD (>365d),UNKNOWN,UNKNOWN
NOMUSDT,0,43020,INSUFFICIENT_HISTORY,NoTrade,,,1.0,1.0,2025-10-01 00:00:00+00:00,,,,,,,,,,,,,,,,,,,,,,,,262.0,ESTABLISHED (90-365d),UNKNOWN,UNKNOWN
NOTUSDT,766,43019,MIXED/UNSTABLE,NoTrade,,,1.0,1.0,2024-05-16 00:00:00+00:00,-0.0038488713149032,0.0673088021782901,0.2833222773955305,10.062430773319743,-98.51067561050463,1.0685750453021838,0.6580638288683489,58.67158671586714,-41.078305519897306,1191513077.523838,0.0042031801566579,0.1997936419504547,34.0,0.6176470588235294,1.23374247194827,-87.21999999999997,0.0632295461310481,0.1404749566124044,50.0,7.007165082594668,0.56,1.4266705772324526,False,765.0,OLD (>365d),MED_VOL,HIGH_LIQ
NPCUSDT,818,43019,NO_CLEAR_SHORT_EDGE,NoTrade,,,1.0,1.0,2024-03-25 00:00:00+00:00,0.0006928811853814,0.0884923282820896,1.1051218975239454,4.359102176083224,-92.57160361464236,0.7622225293674667,0.797710976712584,86.5948130683732,-21.40794223826714,42275710.5894132,0.0162362652811735,0.4198404502746192,,,,,,,76.0,0.7676515752086276,0.618421052631579,0.292934129556253,False,817.0,OLD (>365d),MED_VOL,MED_LIQ
NSTUSDT,0,43018,INSUFFICIENT_HISTORY,NoTrade,,,1.0,1.0,2024-11-25 00:00:00+00:00,,,,,,,,,,,,,,,,,,,,,,,,572.0,OLD (>365d),UNKNOWN,UNKNOWN
OMGUSDT,1095,43018,MIXED/UNSTABLE,NoTrade,,,1.0,1.0,2019-06-26 00:00:00+00:00,-0.002239132302169,0.0474486786608767,0.1796794197665506,9.301821265301106,-96.35744254683128,0.5775041158159587,0.4947049926842042,44.72407382215571,-28.12396539563271,437138.1966301369,0.3471395616438356,0.1025939457320913,,,,,,,73.0,3.4627266745801566,0.410958904109589,2.2264758826852544,True,2551.0,OLD (>365d),LOW_VOL,LOW_LIQ
OMNOMUSDT,1095,43017,NO_CLEAR_SHORT_EDGE,NoTrade,,,1.0,1.0,2022-08-31 00:00:00+00:00,-0.0005268902766528,0.1293660758809202,3.0068409338403272,36.248079480351045,-99.87610347345898,3.62932717114302,5.807025455817985,458.2215822158221,-50.58748468673049,17778190075754.367,2.1418925662100456e-08,0.1336349680034101,,,,,,,105.0,25.171624953103567,0.5238095238095238,1.8114237108116376,False,1389.0,OLD (>365d),HIGH_VOL,HIGH_LIQ
ONEUSDT,1095,43016,NO_CLEAR_SHORT_EDGE,NoTrade,,,1.0,1.0,2019-12-02 00:00:00+00:00,-0.0019399664251947,0.0523186837556528,-0.4102693965946791,5.807046291386588,-96.91295768471826,0.754928976326954,0.5317327161531502,26.0132340777502,-35.774556469061025,41111450.75218265,0.01261020913242,0.1556096821863743,,,,,,,105.0,2.308764120194029,0.4095238095238095,1.7801012415575646,False,2392.0,OLD (>365d),MED_VOL,MED_LIQ
ONIUSDT,0,43016,INSUFFICIENT_HISTORY,NoTrade,,,1.0,1.0,2025-09-17 00:00:00+00:00,,,,,,,,,,,,,,,,,,,,,,,,276.0,ESTABLISHED (90-365d),UNKNOWN,UNKNOWN
OOBUSDT,0,43015,INSUFFICIENT_HISTORY,NoTrade,,,1.0,1.0,2025-12-01 00:00:00+00:00,,,,,,,,,,,,,,,,,,,,,,,,201.0,ESTABLISHED (90-365d),UNKNOWN,UNKNOWN
OPENUSDT,0,43015,INSUFFICIENT_HISTORY,NoTrade,,,1.0,1.0,2025-09-08 00:00:00+00:00,,,,,,,,,,,,,,,,,,,,,,,,285.0,ESTABLISHED (90-365d),UNKNOWN,UNKNOWN
OPTIMUSUSDT,1095,43014,NO_CLEAR_SHORT_EDGE,NoTrade,,,1.0,1.0,2023-03-10 00:00:00+00:00,-0.002653889047214,0.0891509193772426,1.6360235216615773,11.76218296192264,-99.22274223155668,2.342947759823872,2.713085787014587,134.67652495378923,-28.51500789889414,1631872.900365297,0.0959472511415525,-0.0681644153740202,,,,,,,96.0,-1.2214971478928098,0.6526315789473685,-0.5033544830997562,False,1198.0,OLD (>365d),HIGH_VOL,LOW_LIQ
ORDIUSDT,920,43013,SPIKE_MEAN_REVERSION_EDGE,SpikeShortDaily,-26.37,26.37,1.0,1.0,2023-12-14 00:00:00+00:00,-0.0031939154896745,0.0747366937338364,1.8569156717384108,26.1583643381462,-97.5344003849635,1.3476824349840886,1.3258534288756512,147.35618826263797,-32.70058213110606,230726.9203478261,23.656746739130437,0.1703868455371849,25.0,0.6,2.885856443195156,-33.583672170159566,0.2029418929142723,0.1437284369459061,62.0,-7.3980188468666706,0.7258064516129032,-3.8473511383403727,False,919.0,OLD (>365d),HIGH_VOL,LOW_LIQ
OSAKUSDT,628,43013,NO_CLEAR_SHORT_EDGE,NoTrade,,,1.0,1.0,2024-10-01 00:00:00+00:00,-0.0046900323324086,0.0833771748709114,0.431363812427887,3.0162115339711546,-96.66502098247346,1.163261354094583,0.6027646694608298,52.12464589235128,-33.09222423146474,68382658787.22771,1.1249899681528665e-07,0.2683039486516832,,,,,,,37.0,-0.4865128404215783,0.5675675675675675,-0.1586287299713968,False,627.0,OLD (>365d),HIGH_VOL,HIGH_LIQ
PACKUSDT,760,43012,NO_CLEAR_SHORT_EDGE,NoTrade,,,1.0,1.0,2024-05-22 00:00:00+00:00,-0.0023416101280002,0.0614688010753664,1.573868160489121,11.303921073431336,-93.0938123752495,0.4746646000730905,0.2638150928796064,68.6893876420061,-20.590121872995503,3479177.707657894,0.0214740263157894,0.0337360328589384,,,,,,,45.0,-2.503190929544919,0.6,-1.2150089709421088,False,759.0,OLD (>365d),LOW_VOL,LOW_LIQ
PEACEUSDT,0,43012,INSUFFICIENT_HISTORY,NoTrade,,,1.0,1.0,2026-04-21 00:00:00+00:00,,,,,,,,,,,,,,,,,,,,,,,,60.0,NEW (<90d),UNKNOWN,UNKNOWN
PEIPEIUSDT,736,43011,NO_CLEAR_SHORT_EDGE,NoTrade,,,1.0,1.0,2024-06-15 00:00:00+00:00,-0.0036830428792807,0.087229880882867,1.0197814587594018,8.372918010418772,-98.5123294858342,0.739768465580898,0.9385963237321252,87.593984962406,-36.010037641154334,2940176096871.2134,6.183834782608696e-08,0.5325076096042715,,,,,,,52.0,-1.5890666197743868,0.6346153846153846,-0.6570136382780462,False,735.0,OLD (>365d),LOW_VOL,HIGH_LIQ
PENGUINUSDT,0,43010,INSUFFICIENT_HISTORY,NoTrade,,,1.0,1.0,2026-01-22 00:00:00+00:00,,,,,,,,,,,,,,,,,,,,,,,,149.0,ESTABLISHED (90-365d),UNKNOWN,UNKNOWN
PEOPLEUSDT,1095,43010,NO_CLEAR_SHORT_EDGE,NoTrade,,,1.0,1.0,2021-11-26 00:00:00+00:00,-0.0007262713602199,0.0707590106958193,0.8562628207090451,9.960363955345173,-96.16448487537905,0.6057269146111464,0.3219935217337575,69.07519373243636,-33.174311926605505,52759117.24959817,0.0282920748858447,0.1928051439920839,,,,,,,99.0,0.126208225808837,0.6262626262626263,0.0639566590241807,False,1667.0,OLD (>365d),LOW_VOL,MED_LIQ
PEPECOINUSDT,909,43008,NO_CLEAR_SHORT_EDGE,NoTrade,,,1.0,1.0,2023-12-25 00:00:00+00:00,-0.0031526766106348,0.0893777011129875,0.366437172708689,3.996867170510389,-99.24532085561498,1.0014003653445804,1.1478929289330846,53.45596432552953,-40.21505376344086,304012.88536853687,1.3494913751375135,-0.1014914142432588,,,,,,,73.0,7.315858809960278,0.547945205479452,2.2714847260876865,True,908.0,OLD (>365d),MED_VOL,LOW_LIQ
PEPEUSDT,1095,43009,NO_CLEAR_SHORT_EDGE,NoTrade,,,1.0,1.0,2023-04-19 00:00:00+00:00,0.0005513075039134,0.0663008625576099,1.0184278660358512,5.2293204812289655,-89.87924528301888,0.6052289410478671,0.3238223238435078,47.30878186968839,-27.35135135135135,3142335593366.7188,7.1999400913242e-06,0.2450547549371838,,,,,,,103.0,11.760029009198917,0.5242718446601942,3.237261876308464,False,1158.0,OLD (>365d),LOW_VOL,HIGH_LIQ
PEPPERUSDT,0,43007,INSUFFICIENT_HISTORY,NoTrade,,,1.0,1.0,2025-10-24 00:00:00+00:00,,,,,,,,,,,,,,,,,,,,,,,,239.0,ESTABLISHED (90-365d),UNKNOWN,UNKNOWN
PEPUSDT,0,43009,INSUFFICIENT_HISTORY,NoTrade,,,1.0,1.0,2025-02-17 00:00:00+00:00,,,,,,,,,,,,,,,,,,,,,,,,488.0,OLD (>365d),UNKNOWN,UNKNOWN
PEPUUSDT,0,43007,INSUFFICIENT_HISTORY,NoTrade,,,1.0,1.0,2024-12-17 00:00:00+00:00,,,,,,,,,,,,,,,,,,,,,,,,550.0,OLD (>365d),UNKNOWN,UNKNOWN
PHNIXUSDT,0,43006,INSUFFICIENT_HISTORY,NoTrade,,,1.0,1.0,2024-12-27 00:00:00+00:00,,,,,,,,,,,,,,,,,,,,,,,,540.0,OLD (>365d),UNKNOWN,UNKNOWN
PHTUSDT,0,43006,INSUFFICIENT_HISTORY,NoTrade,,,1.0,1.0,2025-08-08 00:00:00+00:00,,,,,,,,,,,,,,,,,,,,,,,,316.0,ESTABLISHED (90-365d),UNKNOWN,UNKNOWN
PIGGYUSDT,0,43005,INSUFFICIENT_HISTORY,NoTrade,,,1.0,1.0,2025-10-28 00:00:00+00:00,,,,,,,,,,,,,,,,,,,,,,,,235.0,ESTABLISHED (90-365d),UNKNOWN,UNKNOWN
PIPPINUSDT,0,43005,INSUFFICIENT_HISTORY,NoTrade,,,1.0,1.0,2024-11-11 00:00:00+00:00,,,,,,,,,,,,,,,,,,,,,,,,586.0,OLD (>365d),UNKNOWN,UNKNOWN
PITUSDT,1095,43004,NO_CLEAR_SHORT_EDGE,NoTrade,,,1.0,1.0,2021-11-12 00:00:00+00:00,-0.0008366123630216,0.0448026376687524,0.4245430220483894,2.6955794207278174,-90.50330380992548,0.9759622872117492,0.7775369713084986,26.069338135974785,-15.442764578833687,222034502656009.7,3.4987726027397264e-10,0.2183261200812993,,,,,,,100.0,2.952934609319896,0.51,1.911583606341681,True,1681.0,OLD (>365d),MED_VOL,HIGH_LIQ
PIXELUSDT,853,43003,MIXED/UNSTABLE,NoTrade,,,1.0,1.0,2024-02-19 00:00:00+00:00,-0.0053718619489155,0.0696082882554308,1.027978886644884,12.36071068913264,-99.47110081623649,0.9108276301810436,0.7567711257329377,80.61814556331007,-36.09246830723342,14482531.276529891,0.1343723083235639,0.4006176415975113,22.0,0.6363636363636364,-0.1325966060942041,-106.49921903885551,-0.0070413360531963,0.1525668994484172,56.0,-5.437275746073431,0.6607142857142857,-2.6791247668951006,False,852.0,OLD (>365d),MED_VOL,MED_LIQ
PNUTUSDT,0,43003,INSUFFICIENT_HISTORY,NoTrade,,,1.0,1.0,2024-11-03 00:00:00+00:00,,,,,,,,,,,,,,,,,,,,,,,,594.0,OLD (>365d),UNKNOWN,UNKNOWN
PODUSDT,0,43002,INSUFFICIENT_HISTORY,NoTrade,,,1.0,1.0,2026-05-11 00:00:00+00:00,,,,,,,,,,,,,,,,,,,,,,,,40.0,NEW (<90d),UNKNOWN,UNKNOWN
PONKEUSDT,909,43002,NO_CLEAR_SHORT_EDGE,NoTrade,,,1.0,1.0,2023-12-25 00:00:00+00:00,-0.0005278808871517,0.0989469854851272,0.405912630172413,8.227209825707206,-96.64974482582174,0.8462736749497398,0.4314964017294089,88.12729498164013,-52.58810572687225,8187782.253421343,0.1679196699669967,0.3410088352720678,,,,,,,107.0,12.174457177034265,0.4579439252336448,3.341419092469636,True,908.0,OLD (>365d),MED_VOL,MED_LIQ
POPCATUSDT,794,43001,SPIKE_MEAN_REVERSION_EDGE,SpikeShortDaily,-28.23,28.23,1.0,1.0,2024-04-18 00:00:00+00:00,-0.0014888683341895,0.0882703782805331,0.1597591888171711,2.0551866665462093,-98.00488848151542,0.8045687559106828,0.4518664194800617,44.38162544169613,-32.58728737690241,19803837.246032745,0.4078595717884131,0.1753666754056317,25.0,0.56,0.6526512433023235,-37.71,0.0446887627331134,0.1940834979317907,65.0,-3.790443025175799,0.6461538461538462,-2.087807910797464,False,793.0,OLD (>365d),MED_VOL,MED_LIQ
PORKUSDT,873,43001,NO_CLEAR_SHORT_EDGE,NoTrade,,,1.0,1.0,2024-01-30 00:00:00+00:00,-0.0030339417275867,0.0999197229888232,3.2252719970777046,36.810738648542966,-98.87838998650142,1.1379233887290017,1.2521959388234754,273.9259259259259,-33.24334274144067,1580245318945.2532,9.96456815578465e-08,-0.0611171760028514,,,,,,,50.0,3.0703131200815847,0.58,0.7363773265255114,True,872.0,OLD (>365d),HIGH_VOL,HIGH_LIQ
PROUSDT,898,43000,NO_CLEAR_SHORT_EDGE,NoTrade,,,1.0,1.0,2024-01-05 00:00:00+00:00,-0.0004404164261639,0.0593223286932954,2.433061744163474,15.29045425720408,-92.71169704571535,0.7112937513508281,0.5555573398633077,73.85010266940452,-14.977658623771218,965632.3876503344,0.9141664810690424,-0.002528661051662,,,,,,,54.0,-1.716960397102438,0.6470588235294118,-0.7670753714786667,True,897.0,OLD (>365d),LOW_VOL,LOW_LIQ
PUNCHUSDT,0,43000,INSUFFICIENT_HISTORY,NoTrade,,,1.0,1.0,2026-02-15 00:00:00+00:00,,,,,,,,,,,,,,,,,,,,,,,,125.0,ESTABLISHED (90-365d),UNKNOWN,UNKNOWN
PURRUSDT,0,42999,INSUFFICIENT_HISTORY,NoTrade,,,1.0,1.0,2025-05-31 00:00:00+00:00,,,,,,,,,,,,,,,,,,,,,,,,385.0,OLD (>365d),UNKNOWN,UNKNOWN
PUSSUSDT,621,42998,NO_CLEAR_SHORT_EDGE,NoTrade,,,1.0,1.0,2024-10-08 00:00:00+00:00,-0.0005120612409291,0.037444002834008,2.849622960953575,43.7240123706256,-71.8732782369146,0.3058965626528958,0.2566590853072925,59.152362144918726,-19.60484871623557,18765339.878132045,0.0070156167471819,0.1770036715319698,,,,,,,58.0,2.4247043791579443,0.3620689655172414,2.2331874957796813,False,620.0,OLD (>365d),LOW_VOL,MED_LIQ
PXUSDT,0,42997,INSUFFICIENT_HISTORY,NoTrade,,,1.0,1.0,2025-07-01 00:00:00+00:00,,,,,,,,,,,,,,,,,,,,,,,,354.0,ESTABLISHED (90-365d),UNKNOWN,UNKNOWN
RATSUSDT,914,42997,NO_CLEAR_SHORT_EDGE,NoTrade,,,1.0,1.0,2023-12-20 00:00:00+00:00,-0.0026445862194811,0.0894548740120031,0.3212539726496763,8.227899286156434,-97.49145461450816,0.9600863963007188,0.3281058544683269,90.76479076479076,-47.09651581898277,2489071232.180284,8.759666301969366e-05,0.1534269754268956,,,,,,,69.0,-1.626037064693757,0.5507246376811594,-0.675156792380364,True,913.0,OLD (>365d),MED_VOL,HIGH_LIQ
RBTUSDT,766,42996,MIXED/UNSTABLE,NoTrade,,,1.0,1.0,2024-05-16 00:00:00+00:00,-0.0024086712813928,0.0669308215471662,1.3393867212717503,35.85059089222375,-92.04,3.680283859274402,5.038336628045987,100.76093849080534,-36.14893617021277,699.8743080939947,210.51518276762403,-0.1561951398491742,14.0,0.7142857142857143,-0.7554659672919174,-32.18499662429787,-0.0945217853737389,0.4381749263203129,33.0,-3.405462049880257,0.7575757575757576,-2.12485625913547,False,765.0,OLD (>365d),HIGH_VOL,LOW_LIQ
REDOUSDT,664,42996,NO_CLEAR_SHORT_EDGE,NoTrade,,,1.0,1.0,2024-08-26 00:00:00+00:00,-0.0034736481386453,0.1016008005975142,1.747336701109742,9.562224216236602,-97.06978119455944,1.936483178595274,1.4631699798828406,128.00333704115684,-21.97156983930778,1222867.1389909638,0.1109773343373494,0.1572107627135862,,,,,,,53.0,2.7495368420755564,0.5849056603773585,0.6449486353091483,True,663.0,OLD (>365d),HIGH_VOL,LOW_LIQ
RKCUSDT,0,42995,INSUFFICIENT_HISTORY,NoTrade,,,1.0,1.0,2026-05-12 00:00:00+00:00,,,,,,,,,,,,,,,,,,,,,,,,39.0,NEW (<90d),UNKNOWN,UNKNOWN
ROSEUSDT,1095,42994,NO_CLEAR_SHORT_EDGE,NoTrade,,,1.0,1.0,2022-07-29 00:00:00+00:00,-0.001832203058983,0.0531842822069554,0.248994846882695,3.3620002296145284,-96.65564009262324,0.8553473577084902,0.8679351423728633,42.31593995711223,-22.63701350277998,12843216.172593608,0.0544909442922374,0.4567050025635842,,,,,,,104.0,1.6650815804626842,0.4711538461538461,1.2180395345838944,False,1422.0,OLD (>365d),MED_VOL,MED_LIQ
RWAUSDT,0,42994,INSUFFICIENT_HISTORY,NoTrade,,,1.0,1.0,2025-05-22 00:00:00+00:00,,,,,,,,,,,,,,,,,,,,,,,,394.0,OLD (>365d),UNKNOWN,UNKNOWN
SAFEUSDT,787,42993,MIXED/UNSTABLE,NoTrade,,,1.0,1.0,2024-04-25 00:00:00+00:00,-0.0042797981618707,0.0530498200295074,0.5084803984129506,5.233833700879188,-96.8021268515002,0.692411984005111,0.8723680072116635,40.652196707560016,-22.86670384829893,1026243.1727445996,0.6331184243964422,0.2418642741633802,39.0,0.5897435897435898,-0.4521827418193114,-101.49602621110132,-0.0242700897883883,0.1133055243457898,60.0,-0.5958621120490708,0.4833333333333333,-0.3480005107792123,False,786.0,OLD (>365d),LOW_VOL,LOW_LIQ
SAIUSDT,663,43191,MIXED/UNSTABLE,NoTrade,,,1.0,1.0,,-0.0058564438993698,0.0840742025399634,0.5904964826302935,3.8257918694910007,-99.16626016260165,0.3818388269325778,0.4974100741815803,52.532391048292126,-27.72449869224064,29665194.91812972,0.0182336757164404,-0.253359066292892,24.0,0.5833333333333334,-3.100892804701218,-184.5623773201391,-0.1097484920825618,0.2123612154746898,39.0,4.584087919483483,0.5384615384615384,1.3385923384864558,False,,UNKNOWN,LOW_VOL,MED_LIQ
SAMOUSDT,1095,42993,NO_CLEAR_SHORT_EDGE,NoTrade,,,1.0,1.0,2021-10-31 00:00:00+00:00,-0.0023344253426941,0.0752529516760869,1.4404531756949313,10.387336255465428,-98.76992200746017,0.7151838755009303,0.6170326895599382,74.88061127029609,-28.305882352941197,40637929.42775343,0.0052593981735159,-0.0187479700293527,,,,,,,79.0,0.856920435208939,0.569620253164557,0.3650384554176152,True,1693.0,OLD (>365d),LOW_VOL,MED_LIQ
SATOUSDT,0,42992,INSUFFICIENT_HISTORY,NoTrade,,,1.0,1.0,2026-05-04 00:00:00+00:00,,,,,,,,,,,,,,,,,,,,,,,,47.0,NEW (<90d),UNKNOWN,UNKNOWN
SBTCUSDT,0,42992,INSUFFICIENT_HISTORY,NoTrade,,,1.0,1.0,2025-11-24 00:00:00+00:00,,,,,,,,,,,,,,,,,,,,,,,,208.0,ESTABLISHED (90-365d),UNKNOWN,UNKNOWN
SCOTTYUSDT,0,42990,INSUFFICIENT_HISTORY,NoTrade,,,1.0,1.0,,,,,,,,,,,,,,,,,,,,,,,,,,UNKNOWN,UNKNOWN,UNKNOWN
SCUSDT,1095,42991,NO_CLEAR_SHORT_EDGE,NoTrade,,,1.0,1.0,2021-01-30 00:00:00+00:00,-0.0012676183011696,0.0436173646884107,-1.8281727827099172,19.392994098438585,-96.66341558568224,0.6605594553315204,0.4602524123157754,21.97240066619081,-39.46162098897885,48391982.8316347,0.0041765424657534,0.0812050786781393,,,,,,,102.0,0.5473570920236737,0.4411764705882353,0.3550888865969379,False,1967.0,OLD (>365d),LOW_VOL,MED_LIQ
SHIBUSDT,1095,42990,NO_CLEAR_SHORT_EDGE,NoTrade,,,1.0,1.0,2021-04-16 00:00:00+00:00,-0.0004591444747428,0.0451520030429323,1.6334848647117768,15.651745575265174,-87.31347438752785,0.5063067376842224,0.280700504623335,59.502664298401406,-19.05158069883528,433027181922.76807,1.3205452054794522e-05,0.3214693210646868,,,,,,,104.0,4.674229734150815,0.625,1.4833328956649623,False,1891.0,OLD (>365d),LOW_VOL,HIGH_LIQ
SHIROUSDT,0,42989,INSUFFICIENT_HISTORY,NoTrade,,,1.0,1.0,2024-12-03 00:00:00+00:00,,,,,,,,,,,,,,,,,,,,,,,,564.0,OLD (>365d),UNKNOWN,UNKNOWN
SIRENUSDT,0,42989,INSUFFICIENT_HISTORY,NoTrade,,,1.0,1.0,2026-03-23 00:00:00+00:00,,,,,,,,,,,,,,,,,,,,,,,,89.0,NEW (<90d),UNKNOWN,UNKNOWN
SNEKUSDT,1095,42988,NO_CLEAR_SHORT_EDGE,NoTrade,,,1.0,1.0,2023-05-31 00:00:00+00:00,-5.4108843164308126e-05,0.0734956237686121,0.7361147460861456,5.343497181323457,-96.54299754299755,1.4073523986392578,0.9619094309644048,78.06307563494276,-30.59735283873214,240333852.3763105,0.0018416825570776,0.1618584634917138,,,,,,,115.0,16.062765207557295,0.4,5.409141681035863,False,1116.0,OLD (>365d),HIGH_VOL,MED_LIQ
SNSUSDT,0,42988,INSUFFICIENT_HISTORY,NoTrade,,,1.0,1.0,2025-05-13 00:00:00+00:00,,,,,,,,,,,,,,,,,,,,,,,,403.0,OLD (>365d),UNKNOWN,UNKNOWN
SOHUSDT,0,42987,INSUFFICIENT_HISTORY,NoTrade,,,1.0,1.0,2025-01-10 00:00:00+00:00,,,,,,,,,,,,,,,,,,,,,,,,526.0,OLD (>365d),UNKNOWN,UNKNOWN
SONICUSDT,0,42986,INSUFFICIENT_HISTORY,NoTrade,,,1.0,1.0,2025-01-07 00:00:00+00:00,,,,,,,,,,,,,,,,,,,,,,,,529.0,OLD (>365d),UNKNOWN,UNKNOWN
SPELLUSDT,1095,42986,NO_CLEAR_SHORT_EDGE,NoTrade,,,1.0,1.0,2021-10-05 00:00:00+00:00,-0.0012379158229667,0.0556725618842509,1.7414596346002424,16.026658645816234,-93.07988284614945,0.5431351713509396,0.6474586656725064,63.16577896138482,-25.704467353951888,1081599413.8549042,0.0005564322374429,0.0376362977762307,,,,,,,98.0,-0.1250004509687343,0.5714285714285714,-0.0707116897129528,False,1719.0,OLD (>365d),LOW_VOL,HIGH_LIQ
SQGROWUSDT,635,43190,NO_CLEAR_SHORT_EDGE,NoTrade,,,1.0,1.0,,-0.0018135653810546,0.0838201281673376,0.8070699369783099,2.765880163735212,-94.16395222584148,1.144406331333285,1.1665932431168642,46.857390550498494,-22.695791156100157,6057994.496267716,0.0118128944881889,-0.0930609529450201,,,,,,,72.0,6.933919350781225,0.5277777777777778,1.7122520603225362,True,,UNKNOWN,HIGH_VOL,MED_LIQ
SRCUSDT,738,42985,MIXED/UNSTABLE,NoTrade,,,1.0,1.0,2024-06-13 00:00:00+00:00,-0.0109482802833547,0.1257249640383704,-1.8361758669483752,42.95170936269183,-99.99277838627236,0.1940501035430154,0.315136073347874,246.71280276816609,-72.46302906680265,23284634.808157183,0.7015263021680215,-0.0517483227345305,,,,,,,51.0,0.3428250238350737,0.32,0.1094181909161963,False,737.0,OLD (>365d),LOW_VOL,MED_LIQ
SUNCATUSDT,665,42985,SPIKE_MEAN_REVERSION_EDGE,SpikeShortDaily,-27.22,27.22,1.0,1.0,2024-08-25 00:00:00+00:00,-0.0061434326022156,0.0787687679619397,0.5874283707049363,9.58417487473938,-98.31450653983352,0.9946281298001176,0.564124591904564,85.00754147812974,-31.81151149518996,99924052.5171579,0.0019770315789473,0.228423176563516,20.0,0.6,5.326611508183407,-29.164444444444428,0.3008890947336997,0.134025345056567,38.0,-10.4186240968959,0.7368421052631579,-4.483802544120676,True,664.0,OLD (>365d),MED_VOL,MED_LIQ
SUNDOGUSDT,674,42984,MIXED/UNSTABLE,NoTrade,,,1.0,1.0,2024-08-16 00:00:00+00:00,-0.0036412395861472,0.0860070228819174,1.393968396972303,12.308905588778988,-98.77567029949851,1.1043599388775354,0.5672381489275246,86.88524590163935,-35.655737704918025,16744198.322344212,0.0661432195845697,0.3281650575684051,11.0,0.5454545454545454,-3.063017968659128,-70.94000000000001,-0.1241278816223256,0.4127082110737394,32.0,-6.245710084772624,0.65625,-2.252471174249453,False,673.0,OLD (>365d),HIGH_VOL,MED_LIQ
SUSDT,400,43192,MIXED/UNSTABLE,NoTrade,,,1.0,1.0,,-0.0072118399239509,0.0542266448469584,-0.7881394450200805,11.38816848121616,-94.67910874119217,0.877244983787142,0.9715346557284216,33.950120675784405,-35.22519223727573,15612476.712400002,0.168173375,0.2851561816276412,8.0,0.375,-2.4865009727479173,-19.892007781983335,-0.3295670433660212,0.5258864523291676,21.0,-4.047011218430408,0.6190476190476191,-2.415934961892394,False,,UNKNOWN,MED_VOL,MED_LIQ
TAPUSDT,606,42984,NO_CLEAR_SHORT_EDGE,NoTrade,,,1.0,1.0,2024-10-23 00:00:00+00:00,-0.0067048130711627,0.1131479885270163,1.9732622138439653,18.12128593111648,-99.45731886183631,2.788980804174319,4.509364503501302,156.9459172852598,-41.14403859407305,275719.4205115512,1.0686638613861388,0.2144670662939314,,,,,,,33.0,17.649094968249738,0.4848484848484848,1.4330556547757147,True,605.0,OLD (>365d),HIGH_VOL,LOW_LIQ
TCAPYUSDT,0,42983,INSUFFICIENT_HISTORY,NoTrade,,,1.0,1.0,2025-01-15 00:00:00+00:00,,,,,,,,,,,,,,,,,,,,,,,,521.0,OLD (>365d),UNKNOWN,UNKNOWN
TESTICLEUSDT,0,42983,INSUFFICIENT_HISTORY,NoTrade,,,1.0,1.0,2026-01-09 00:00:00+00:00,,,,,,,,,,,,,,,,,,,,,,,,162.0,ESTABLISHED (90-365d),UNKNOWN,UNKNOWN
THEUSDT,0,42982,INSUFFICIENT_HISTORY,NoTrade,,,1.0,1.0,2024-11-26 00:00:00+00:00,,,,,,,,,,,,,,,,,,,,,,,,571.0,OLD (>365d),UNKNOWN,UNKNOWN
TMOONUSDT,0,42981,INSUFFICIENT_HISTORY,NoTrade,,,1.0,1.0,2026-03-20 00:00:00+00:00,,,,,,,,,,,,,,,,,,,,,,,,92.0,ESTABLISHED (90-365d),UNKNOWN,UNKNOWN
TONNYUSDT,0,42981,INSUFFICIENT_HISTORY,NoTrade,,,1.0,1.0,2024-11-28 00:00:00+00:00,,,,,,,,,,,,,,,,,,,,,,,,569.0,OLD (>365d),UNKNOWN,UNKNOWN
TOPUSDT,1095,42980,MIXED/UNSTABLE,NoTrade,,,1.0,1.0,2023-04-07 00:00:00+00:00,-0.0011377855652561,0.0758241340143789,0.6049203537427152,9.15782418364348,-86.16035455278002,0.0699282970469826,0.0,86.56716417910447,-37.740883486510526,290720258.8263744,0.0001969702283105,-0.2807323902197391,24.0,0.7083333333333334,2.292470132612218,-64.50000000000001,0.1190430617317332,0.2145335127069765,43.0,-5.149361905284721,0.7209302325581395,-1.7931345119246105,False,1170.0,OLD (>365d),LOW_VOL,HIGH_LIQ
TOSHIUSDT,0,42980,INSUFFICIENT_HISTORY,NoTrade,,,1.0,1.0,2024-11-21 00:00:00+00:00,,,,,,,,,,,,,,,,,,,,,,,,576.0,OLD (>365d),UNKNOWN,UNKNOWN
TREATUSDT,0,42979,INSUFFICIENT_HISTORY,NoTrade,,,1.0,1.0,2025-01-14 00:00:00+00:00,,,,,,,,,,,,,,,,,,,,,,,,522.0,OLD (>365d),UNKNOWN,UNKNOWN
TREEUSDT,0,42979,INSUFFICIENT_HISTORY,NoTrade,,,1.0,1.0,2025-07-29 00:00:00+00:00,,,,,,,,,,,,,,,,,,,,,,,,326.0,ESTABLISHED (90-365d),UNKNOWN,UNKNOWN
TRIPLETUSDT,0,42978,INSUFFICIENT_HISTORY,NoTrade,,,1.0,1.0,2026-03-03 00:00:00+00:00,,,,,,,,,,,,,,,,,,,,,,,,109.0,ESTABLISHED (90-365d),UNKNOWN,UNKNOWN
TROLLUSDT,887,42977,NO_CLEAR_SHORT_EDGE,NoTrade,,,1.0,1.0,2024-01-16 00:00:00+00:00,-0.0045501254829184,0.1001500048217147,1.2526796240015734,15.947230591343285,-99.01630580058809,0.9752083600231828,0.9474973294929676,161.55026861089792,-46.27517592817279,15968754750170.656,1.2202885005636981e-08,0.053432630641018,,,,,,,65.0,-0.2495733250820829,0.7384615384615385,-0.0522020167689288,True,886.0,OLD (>365d),MED_VOL,HIGH_LIQ
TRTUSDT,400,43190,MIXED/UNSTABLE,NoTrade,,,1.0,1.0,,-0.0076862233607898,0.1215887284470992,0.6600419998146745,6.959393428833,-99.0387858347386,4.604895494978281,4.214921951434667,86.66520210896309,-48.64864864864865,110615.45445,0.31415775,0.0966876323001149,12.0,0.6666666666666666,3.822599717815794,-89.41479992772709,0.1025120680716995,0.3476660004451079,23.0,-13.933339265207374,0.8095238095238095,-3.387266734710669,False,,UNKNOWN,HIGH_VOL,LOW_LIQ
TRUMPUSDT,0,42977,INSUFFICIENT_HISTORY,NoTrade,,,1.0,1.0,2025-01-18 00:00:00+00:00,,,,,,,,,,,,,,,,,,,,,,,,518.0,OLD (>365d),UNKNOWN,UNKNOWN
TRUSTUSDT,0,42976,INSUFFICIENT_HISTORY,NoTrade,,,1.0,1.0,2025-11-05 00:00:00+00:00,,,,,,,,,,,,,,,,,,,,,,,,227.0,ESTABLISHED (90-365d),UNKNOWN,UNKNOWN
TRUTHUSDT,0,42976,INSUFFICIENT_HISTORY,NoTrade,,,1.0,1.0,2025-10-01 00:00:00+00:00,,,,,,,,,,,,,,,,,,,,,,,,262.0,ESTABLISHED (90-365d),UNKNOWN,UNKNOWN
TSTUSDT,0,42975,INSUFFICIENT_HISTORY,NoTrade,,,1.0,1.0,2025-02-06 00:00:00+00:00,,,,,,,,,,,,,,,,,,,,,,,,499.0,OLD (>365d),UNKNOWN,UNKNOWN
TSUKAUSDT,1095,42975,NO_CLEAR_SHORT_EDGE,NoTrade,,,1.0,1.0,2022-07-16 00:00:00+00:00,-0.0033251714199663,0.0773466835773356,1.2485429029470534,8.295762640006826,-99.15284210526316,0.5790919583645059,1.1130700006370842,78.62875260081246,-28.23335167859109,16013445.888748858,0.011841900456621,-0.1725307025982017,,,,,,,82.0,1.4097084047196464,0.5121951219512195,0.4795716775732914,True,1435.0,OLD (>365d),LOW_VOL,MED_LIQ
TURBOUSDT,1095,42974,NO_CLEAR_SHORT_EDGE,NoTrade,,,1.0,1.0,2023-05-04 00:00:00+00:00,0.0014008015276946,0.0937475583253974,1.8555658088140043,10.78769519851473,-93.91501038267576,0.7173244590616596,0.3418542938486243,136.20594205572988,-31.269614835948637,783725439.5449132,0.0028774947762557,0.4257659281918454,,,,,,,124.0,18.319852954524876,0.4677419354838709,3.659265537291817,False,1143.0,OLD (>365d),LOW_VOL,HIGH_LIQ
TURTLEUSDT,0,42973,INSUFFICIENT_HISTORY,NoTrade,,,1.0,1.0,2025-10-22 00:00:00+00:00,,,,,,,,,,,,,,,,,,,,,,,,241.0,ESTABLISHED (90-365d),UNKNOWN,UNKNOWN
TUTUSDT,0,42972,INSUFFICIENT_HISTORY,NoTrade,,,1.0,1.0,2025-03-17 00:00:00+00:00,,,,,,,,,,,,,,,,,,,,,,,,460.0,OLD (>365d),UNKNOWN,UNKNOWN
UAIUSDT,227,43189,MIXED/UNSTABLE,NoTrade,,,1.0,1.0,,0.0056820993812482,0.1294447687683775,3.347332295226332,26.789644634404645,-68.54085272634617,1.6310454266888383,1.5491062055033804,214.7096774193548,-26.43111941566163,1763212.9990748898,0.2279814977973568,0.6720158751550019,11.0,0.5454545454545454,1.0619445087002526,-63.53429370212432,0.0486287512747468,0.3230275251354902,24.0,-9.555331551400467,0.7083333333333334,-2.82639912436602,False,,UNKNOWN,HIGH_VOL,LOW_LIQ
UFDUSDT,0,42972,INSUFFICIENT_HISTORY,NoTrade,,,1.0,1.0,2024-12-18 00:00:00+00:00,,,,,,,,,,,,,,,,,,,,,,,,549.0,OLD (>365d),UNKNOWN,UNKNOWN
UNCUSDT,0,42971,INSUFFICIENT_HISTORY,NoTrade,,,1.0,1.0,2026-04-15 00:00:00+00:00,,,,,,,,,,,,,,,,,,,,,,,,66.0,NEW (<90d),UNKNOWN,UNKNOWN
UPUSDT,0,42971,INSUFFICIENT_HISTORY,NoTrade,,,1.0,1.0,2026-03-13 00:00:00+00:00,,,,,,,,,,,,,,,,,,,,,,,,99.0,ESTABLISHED (90-365d),UNKNOWN,UNKNOWN
URANUSUSDT,0,42970,INSUFFICIENT_HISTORY,NoTrade,,,1.0,1.0,2025-07-04 00:00:00+00:00,,,,,,,,,,,,,,,,,,,,,,,,351.0,ESTABLISHED (90-365d),UNKNOWN,UNKNOWN
USDUCUSDT,0,42969,INSUFFICIENT_HISTORY,NoTrade,,,1.0,1.0,2026-05-07 00:00:00+00:00,,,,,,,,,,,,,,,,,,,,,,,,44.0,NEW (<90d),UNKNOWN,UNKNOWN
USELESSUSDT,0,42968,INSUFFICIENT_HISTORY,NoTrade,,,1.0,1.0,2025-05-11 00:00:00+00:00,,,,,,,,,,,,,,,,,,,,,,,,405.0,OLD (>365d),UNKNOWN,UNKNOWN
USUSDT,0,42969,INSUFFICIENT_HISTORY,NoTrade,,,1.0,1.0,2025-12-11 00:00:00+00:00,,,,,,,,,,,,,,,,,,,,,,,,191.0,ESTABLISHED (90-365d),UNKNOWN,UNKNOWN
UTYAUSDT,0,42967,INSUFFICIENT_HISTORY,NoTrade,,,1.0,1.0,2026-05-05 00:00:00+00:00,,,,,,,,,,,,,,,,,,,,,,,,46.0,NEW (<90d),UNKNOWN,UNKNOWN
VADERUSDT,0,42967,INSUFFICIENT_HISTORY,NoTrade,,,1.0,1.0,2024-12-31 00:00:00+00:00,,,,,,,,,,,,,,,,,,,,,,,,536.0,OLD (>365d),UNKNOWN,UNKNOWN
VINEUSDT,0,42966,INSUFFICIENT_HISTORY,NoTrade,,,1.0,1.0,2025-01-23 00:00:00+00:00,,,,,,,,,,,,,,,,,,,,,,,,513.0,OLD (>365d),UNKNOWN,UNKNOWN
VINUUSDT,1095,42966,NO_CLEAR_SHORT_EDGE,NoTrade,,,1.0,1.0,2022-03-31 00:00:00+00:00,-0.0023509486392357,0.0774385665325382,2.352068389824352,20.20335456675217,-98.52121455285368,1.0502917328453922,1.6592360256797196,124.48979591836734,-30.135205408216336,33161968483640.934,1.4420653881278541e-08,0.0905800499980044,,,,,,,83.0,-2.71258871282077,0.6385542168674698,-1.1786323245368024,True,1542.0,OLD (>365d),MED_VOL,HIGH_LIQ
VISTAUSDT,654,42965,NO_CLEAR_SHORT_EDGE,NoTrade,,,1.0,1.0,2024-09-05 00:00:00+00:00,-0.0048035933774515,0.0937034474773176,1.8529517442665808,10.851261151686824,-98.61703059318076,1.2670350203458396,1.330896669485394,108.48333333333336,-30.62370062370061,35776.50688073395,10.20273623853211,0.5450720875926529,,,,,,,42.0,17.868905973774666,0.6428571428571429,1.0727199141804196,True,653.0,OLD (>365d),HIGH_VOL,LOW_LIQ
VOLTUSDT,1095,42965,MIXED/UNSTABLE,NoTrade,,,1.0,1.0,2022-04-18 00:00:00+00:00,-0.002352340079643,0.0448788067774743,0.7553883719006445,5.326239611887784,-95.8990899665937,0.6927463893619004,0.4805696277838581,35.682300259250525,-16.571553994732213,286527046942.7269,2.5285525114155253e-07,0.0926109451041658,49.0,0.5102040816326531,-2.655219820974524,-167.10301773653188,-0.148246426505082,0.1098161248230877,77.0,1.9313010742318664,0.5194805194805194,0.9499755654952966,False,1524.0,OLD (>365d),LOW_VOL,HIGH_LIQ
WELFUSDT,0,42963,INSUFFICIENT_HISTORY,NoTrade,,,1.0,1.0,2024-12-19 00:00:00+00:00,,,,,,,,,,,,,,,,,,,,,,,,548.0,OLD (>365d),UNKNOWN,UNKNOWN
WENUSDT,876,42963,NO_CLEAR_SHORT_EDGE,NoTrade,,,1.0,1.0,2024-01-27 00:00:00+00:00,-0.0034769348260468,0.0931906691223103,0.8965551083182596,5.129699165270434,-99.23198782043367,0.8931973933996485,0.3139716902352096,72.20374106996783,-34.88555643251776,7411716300.916062,7.387109474885844e-05,0.2741128068115713,,,,,,,71.0,-1.7830473007009155,0.676056338028169,-0.6107972228441687,True,875.0,OLD (>365d),MED_VOL,HIGH_LIQ
WHITEUSDT,0,42962,INSUFFICIENT_HISTORY,NoTrade,,,1.0,1.0,2025-02-04 00:00:00+00:00,,,,,,,,,,,,,,,,,,,,,,,,501.0,OLD (>365d),UNKNOWN,UNKNOWN
WHITEWHALEUSDT,0,42962,INSUFFICIENT_HISTORY,NoTrade,,,1.0,1.0,2026-01-06 00:00:00+00:00,,,,,,,,,,,,,,,,,,,,,,,,165.0,ESTABLISHED (90-365d),UNKNOWN,UNKNOWN
WIFUSDT,915,42961,NO_CLEAR_SHORT_EDGE,NoTrade,,,1.0,1.0,2023-12-19 00:00:00+00:00,7.946465102287422e-05,0.091027477241712,0.6217232635325954,5.461262923558486,-96.78196854450664,0.8206081592938022,0.3605516940446402,65.3167554766134,-37.68421052631579,22215655.95750819,1.1947078032786886,0.0774766470995609,,,,,,,90.0,5.465012577515656,0.5444444444444444,1.83176641716068,False,914.0,OLD (>365d),MED_VOL,MED_LIQ
WINUSDT,1095,42960,NO_CLEAR_SHORT_EDGE,NoTrade,,,1.0,1.0,2019-10-14 00:00:00+00:00,-0.0011542454047606,0.0437946462078928,2.5810512308124856,31.595237992510107,-92.12793855952046,0.5169972966834059,0.2170376353092077,63.194046937607325,-20.604299243373248,4502977301.88516,7.037612785388127e-05,0.2758578629090005,,,,,,,99.0,2.844201903557548,0.4747474747474747,2.142653761332697,False,2441.0,OLD (>365d),LOW_VOL,HIGH_LIQ
WKCUSDT,0,42960,INSUFFICIENT_HISTORY,NoTrade,,,1.0,1.0,2025-08-12 00:00:00+00:00,,,,,,,,,,,,,,,,,,,,,,,,312.0,ESTABLISHED (90-365d),UNKNOWN,UNKNOWN
WOJAKUSDT,141,43188,NO_CLEAR_SHORT_EDGE,NoTrade,,,1.0,1.0,,0.0110616593680018,0.1919447739612828,2.329134149516056,10.901615808336812,-84.17877094972067,2.630810348038997,3.019830995424597,214.85616144267925,-43.215909090909086,4128762799956.298,5.209262411347517e-08,-0.1384524831827784,,,,,,,16.0,69.24440902254092,0.3333333333333333,1.689164642825446,True,,UNKNOWN,HIGH_VOL,HIGH_LIQ
WUSDT,809,42964,MIXED/UNSTABLE,NoTrade,,,1.0,1.0,2024-04-03 00:00:00+00:00,-0.0059629676259195,0.0605130458757654,-0.3271167700535481,3.3796639140638254,-99.33884615384616,1.0678173031312028,0.7701346633828944,30.939226519337005,-32.53022759601707,26017118.4168974,0.1760915735475896,0.1962451623767707,35.0,0.4571428571428571,2.5969041742246564,-69.11152608861056,0.1652368250402142,0.1184066484849424,59.0,-1.7183752899347702,0.5423728813559322,-0.9531372242461068,False,808.0,OLD (>365d),MED_VOL,MED_LIQ
XPUSDT,0,42959,INSUFFICIENT_HISTORY,NoTrade,,,1.0,1.0,2025-03-17 00:00:00+00:00,,,,,,,,,,,,,,,,,,,,,,,,460.0,OLD (>365d),UNKNOWN,UNKNOWN
XUSDT,0,42959,INSUFFICIENT_HISTORY,NoTrade,,,1.0,1.0,2025-08-07 00:00:00+00:00,,,,,,,,,,,,,,,,,,,,,,,,317.0,ESTABLISHED (90-365d),UNKNOWN,UNKNOWN
YFIUSDT,1095,42958,NO_CLEAR_SHORT_EDGE,NoTrade,,,1.0,1.0,2020-07-25 00:00:00+00:00,-0.0011262322234034,0.039199190275793,-0.5916785103989424,14.998636178219847,-87.76607470060948,0.7332245073882679,0.6884396693061963,28.958464326663467,-33.7367094150968,82.28721570776256,5687.78389886758,0.0554118885223493,,,,,,,79.0,2.3138992963442955,0.5063291139240507,1.066042632659016,False,2156.0,OLD (>365d),LOW_VOL,LOW_LIQ
YURUUSDT,0,42958,INSUFFICIENT_HISTORY,NoTrade,,,1.0,1.0,2025-07-17 00:00:00+00:00,,,,,,,,,,,,,,,,,,,,,,,,338.0,ESTABLISHED (90-365d),UNKNOWN,UNKNOWN
ZENUSDT,1095,42957,NO_CLEAR_SHORT_EDGE,NoTrade,,,1.0,1.0,2020-11-23 00:00:00+00:00,-0.0003185281861224,0.0608398348466061,0.8930606406833131,8.668693274897695,-89.2971861749968,1.0372971797225152,0.6674044678535148,64.8297604035309,-27.723365980411756,166987.05451963466,9.684344292237444,0.2730415288351981,,,,,,,105.0,1.063554126689786,0.5333333333333333,0.6725269235563615,False,2035.0,OLD (>365d),MED_VOL,LOW_LIQ
ZEREBROUSDT,0,42957,INSUFFICIENT_HISTORY,NoTrade,,,1.0,1.0,2024-11-17 00:00:00+00:00,,,,,,,,,,,,,,,,,,,,,,,,580.0,OLD (>365d),UNKNOWN,UNKNOWN
ZEROUSDT,1,0,INSUFFICIENT_HISTORY,NoTrade,,,1.0,1.0,,,,,,,,,,,,,,,,,,,,,,,,,,UNKNOWN,UNKNOWN,UNKNOWN
ZEUSUSDT,808,42956,MIXED/UNSTABLE,NoTrade,,,1.0,1.0,2024-04-04 00:00:00+00:00,-0.0073827046886106,0.0854652518844206,1.8224694292260095,13.41822675426663,-99.79420018709074,1.4935511850609486,0.6547905964956469,132.85592739648328,-23.229706390328143,3554220.259529703,0.2308913007425742,0.0403676025952968,19.0,0.6842105263157895,4.038130849677241,-71.57815396315152,0.2198837560980249,0.1518490266706995,47.0,-6.693202974237531,0.7446808510638298,-2.6979751948301947,False,807.0,OLD (>365d),HIGH_VOL,LOW_LIQ
ZSWAPUSDT,0,42955,INSUFFICIENT_HISTORY,NoTrade,,,1.0,1.0,2026-03-27 00:00:00+00:00,,,,,,,,,,,,,,,,,,,,,,,,85.0,NEW (<90d),UNKNOWN,UNKNOWN
ZYNUSDT,783,42955,MIXED/UNSTABLE,NoTrade,,,1.0,1.0,2024-04-29 00:00:00+00:00,-0.0132873913153248,0.1235907472281913,-0.1528195060020159,9.024054242939044,-99.996928440367,2.5327455578648217,0.9551240616595064,119.34523809523807,-52.31758704812597,60084548.96987229,0.0556256099616858,0.1061683412461511,16.0,0.5625,-13.84313547932549,-221.49016766920784,-0.2906302513037938,0.217706657642291,46.0,-9.757892442717994,0.6739130434782609,-2.124836664726665,False,782.0,OLD (>365d),HIGH_VOL,MED_LIQ
我踏马来了USDT,0,42954,INSUFFICIENT_HISTORY,NoTrade,,,1.0,1.0,2026-01-07 00:00:00+00:00,,,,,,,,,,,,,,,,,,,,,,,,164.0,ESTABLISHED (90-365d),UNKNOWN,UNKNOWN
龙虾USDT,0,42954,INSUFFICIENT_HISTORY,NoTrade,,,1.0,1.0,2026-02-28 00:00:00+00:00,,,,,,,,,,,,,,,,,,,,,,,,112.0,ESTABLISHED (90-365d),UNKNOWN,UNKNOWN
