symbol,daily_bars,minute_rows,edge_class,suggested_setup_name,tp_pct,sl_pct,suggested_leverage_min,suggested_leverage_max,listing_date,mean_ret,std_ret,skew_ret,kurt_ret,max_drawdown_pct,realized_vol_30d_ann,realized_vol_7d_ann,max_single_day_pump_pct,max_single_day_dump_pct,avg_volume,avg_close,volume_return_corr,bt_n_trades,bt_hit_rate,bt_expectancy_pct,bt_max_dd_pct,bt_sharpe_like,bt_dominance_frac,spike_n_events,spike_h5_mean,spike_h5_hitrate,spike_h5_tstat,intraday_robust
4USDT,0,43200,INSUFFICIENT_HISTORY,NoTrade,,,1.0,1.0,2025-10-01,,,,,,,,,,,,,,,,,,,,,,,
67USDT,0,43200,INSUFFICIENT_HISTORY,NoTrade,,,1.0,1.0,2025-11-16,,,,,,,,,,,,,,,,,,,,,,,
ABUSDT,1095,43200,NO_CLEAR_SHORT_EDGE,NoTrade,,,1.0,1.0,,0.003028429371603743,0.08732354341901563,3.3687358273496937,26.399666384460843,-93.93776536976397,0.3239802785134546,0.2251149601725759,136.61263157894737,-26.41261559246231,404753990.6869041,0.0032258596803652973,0.14976049602232389,,,,,,,95.0,31.14039992095544,0.5263157894736842,2.838998554659445,False
ACTUSDT,605,43200,NO_CLEAR_SHORT_EDGE,NoTrade,,,1.0,1.0,2024-10-24,-0.001328005811222415,0.15610297052686445,12.572587206679021,252.62469793941392,-98.79689008184691,0.9523500515426337,1.4202368640453764,2080.8406647116326,-57.0217276099629,45717787.45383471,0.09551124132231405,0.2891054072829582,,,,,,,39.0,-2.107106082192489,0.6153846153846154,-0.6577397799370787,False
AEONUSDT,0,43199,INSUFFICIENT_HISTORY,NoTrade,,,1.0,1.0,2026-05-18,,,,,,,,,,,,,,,,,,,,,,,
AEROBUDUSDT,0,43199,INSUFFICIENT_HISTORY,NoTrade,,,1.0,1.0,2025-01-21,,,,,,,,,,,,,,,,,,,,,,,
AGIUSDT,1095,43198,NO_CLEAR_SHORT_EDGE,NoTrade,,,1.0,1.0,2023-04-11,-0.002325203750846525,0.078217101773035,1.398660283075337,12.901093686032198,-99.23269137006338,0.9352233405138624,0.5979830802784156,108.89212827988342,-36.448368898700025,3923426.698009132,0.0965916812785388,0.0927246434445468,,,,,,,94.0,9.607024541877694,0.48936170212765956,2.794061732887437,True
AICUSDT,650,43200,NO_CLEAR_SHORT_EDGE,NoTrade,,,1.0,1.0,,-0.0014445218585113755,0.10852343536321891,1.3265717553695326,6.66303479803388,-97.64710722107515,1.3354489235926863,1.9013448010510505,92.08698770825863,-37.66878815430575,9023906.189153844,0.13506607538461537,0.17014612958054032,,,,,,,62.0,4.853094548632498,0.5806451612903226,1.1364082856594446,True
AIDOGEUSDT,1095,43197,NO_CLEAR_SHORT_EDGE,NoTrade,,,1.0,1.0,2023-04-17,-0.002339402673170348,0.08469809687974042,-0.7350134639764883,27.93689813161538,-98.82543589243721,1.1771128140174434,0.6959719559730316,105.4358150069409,-64.50002698181426,3190790242071137.5,1.7287851415525116e-10,0.4952145984437092,,,,,,,94.0,3.4954697251337237,0.5638297872340425,1.048793781462951,True
AIUSDT,0,43197,INSUFFICIENT_HISTORY,NoTrade,,,1.0,1.0,2026-04-29,,,,,,,,,,,,,,,,,,,,,,,
AIXBTUSDT,0,43195,INSUFFICIENT_HISTORY,NoTrade,,,1.0,1.0,2024-12-03,,,,,,,,,,,,,,,,,,,,,,,
AIXUSDT,0,43196,INSUFFICIENT_HISTORY,NoTrade,,,1.0,1.0,2025-07-19,,,,,,,,,,,,,,,,,,,,,,,
AKITAUSDT,0,43195,INSUFFICIENT_HISTORY,NoTrade,,,1.0,1.0,2026-03-24,,,,,,,,,,,,,,,,,,,,,,,
ALICEUSDT,1095,43194,NO_CLEAR_SHORT_EDGE,NoTrade,,,1.0,1.0,2021-04-02,-0.0017891560646877953,0.05795766201842243,0.23358748299053908,8.907314132771875,-95.79333902647309,1.0689320911990507,1.6769649812226062,45.12434554973823,-36.9062119366626,1106133.3755342467,0.7733232785388128,0.4763838812061149,,,,,,,97.0,-1.0483754726073233,0.4791666666666667,-0.8307248514964801,False
AMIUSDT,0,43194,INSUFFICIENT_HISTORY,NoTrade,,,1.0,1.0,2025-03-26,,,,,,,,,,,,,,,,,,,,,,,
AMOREUSDT,0,43193,INSUFFICIENT_HISTORY,NoTrade,,,1.0,1.0,2025-09-19,,,,,,,,,,,,,,,,,,,,,,,
ANIMEUSDT,0,43192,INSUFFICIENT_HISTORY,NoTrade,,,1.0,1.0,2025-01-23,,,,,,,,,,,,,,,,,,,,,,,
ANIUSDT,0,43192,INSUFFICIENT_HISTORY,NoTrade,,,1.0,1.0,,,,,,,,,,,,,,,,,,,,,,,,
ANONUSDT,0,43191,INSUFFICIENT_HISTORY,NoTrade,,,1.0,1.0,2025-01-27,,,,,,,,,,,,,,,,,,,,,,,
APUUSDT,806,43190,NO_CLEAR_SHORT_EDGE,NoTrade,,,1.0,1.0,2024-04-06,-0.003347224070928202,0.09624500937022132,0.41057727643357844,2.527337417683305,-98.58561749307053,1.0229400389913406,1.0688014200437344,76.33685558757604,-33.54943273905997,1041277291.0032629,0.0002967363523573201,0.33449229893004584,,,,,,,54.0,5.491042136648996,0.48148148148148145,2.029499121512711,False
ARCUSDT,1059,43190,NO_CLEAR_SHORT_EDGE,NoTrade,,,1.0,1.0,2023-07-28,-0.001400858944991874,0.09497509159685275,0.8698878598337285,2.376231831092504,-99.7124784358827,2.219710737558036,1.1179491414026703,65.80829756795423,-25.540765391014975,5976192.804419263,0.022238423984891408,0.2885958456094282,,,,,,,104.0,16.29251576912255,0.5384615384615384,2.9722513300128623,False
ARGUSDT,1095,43189,NO_CLEAR_SHORT_EDGE,NoTrade,,,1.0,1.0,2022-11-17,-0.0008188939677244442,0.04335888881381997,1.4514550875558836,20.71218995396397,-91.09058643220135,1.2531056561151854,1.5423532818145156,61.77386353527265,-25.357142857142854,54439.21469406392,0.929726210045662,0.279064479821512,,,,,,,103.0,0.412110851531989,0.5242718446601942,0.36291979323574936,True
ARIAUSDT,0,43189,INSUFFICIENT_HISTORY,NoTrade,,,1.0,1.0,2025-08-21,,,,,,,,,,,,,,,,,,,,,,,
ASTEROIDUSDT,0,43188,INSUFFICIENT_HISTORY,NoTrade,,,1.0,1.0,2026-04-17,,,,,,,,,,,,,,,,,,,,,,,
ATHUSDT,739,43188,MIXED/UNSTABLE,NoTrade,,,1.0,1.0,2024-06-12,-0.00351264383423669,0.05616054224696156,0.2891083417246305,4.48378950921765,-95.23224653863332,0.8815989740178803,0.5233700548936692,49.71974942301352,-22.68767377201112,25001193.802571043,0.0368977401894452,0.4101795815884953,38.0,0.5263157894736842,-0.5438587900725846,-102.02165996060417,-0.03367075772864963,0.13667946489986724,51.0,4.376101479491887,0.4117647058823529,2.1787407859875643,False
ATLASUSDT,1095,43187,MIXED/UNSTABLE,NoTrade,,,1.0,1.0,2021-09-09,-0.002391562878746313,0.052068412271899484,0.7523153690052945,4.152021346788905,-98.95896590613343,0.573962348212072,0.5681032706468164,33.89830508474576,-23.381770145310433,41730401.10092237,0.002188360730593607,0.439211471556477,,,,,,,80.0,3.8391257661568536,0.525,1.914654628232649,False
AURORAUSDT,1095,43186,NO_CLEAR_SHORT_EDGE,NoTrade,,,1.0,1.0,2021-11-20,-0.0011417951869519382,0.0739238738711886,4.001562139583813,36.59050894831219,-95.62786723872142,0.7618997092179443,0.21742952483564246,144.08047117993513,-27.549893217468146,958140.70890137,0.12506515981735158,0.21687563168712914,,,,,,,70.0,-0.3378421183505208,0.6285714285714286,-0.10128709180402813,True
AVAUSDT,1095,43186,NO_CLEAR_SHORT_EDGE,NoTrade,,,1.0,1.0,2020-07-04,-0.0007433571033441995,0.05936807413203264,8.444251864021485,193.19844959605072,-93.2954502116624,0.737943174572835,0.5645610441218164,255.87676438653634,-36.18210862619809,448431.6890410959,0.5454285753424657,0.17234764799312338,,,,,,,106.0,0.03760462137611767,0.4528301886792453,0.030467040547342453,False
BABYBONKUSDT,0,43184,INSUFFICIENT_HISTORY,NoTrade,,,1.0,1.0,2025-09-10,,,,,,,,,,,,,,,,,,,,,,,
BABYDOGEUSDT,1095,43184,NO_CLEAR_SHORT_EDGE,NoTrade,,,1.0,1.0,2021-12-05,-0.0013968173934794247,0.057728564264188834,2.061842012485859,18.81391595366937,-94.30241180832655,0.7231524995797567,0.32251768293359134,74.67197465166349,-22.84391430589343,398095059406538.75,1.375464292237443e-09,0.4859600041301355,,,,,,,89.0,4.049478985985817,0.5280898876404494,1.842469825770838,False
BABYSHARKUSDT,0,43183,INSUFFICIENT_HISTORY,NoTrade,,,1.0,1.0,2026-05-14,,,,,,,,,,,,,,,,,,,,,,,
BABYUSDT,0,43185,INSUFFICIENT_HISTORY,NoTrade,,,1.0,1.0,2025-04-10,,,,,,,,,,,,,,,,,,,,,,,
BADGERUSDT,1095,43183,NO_CLEAR_SHORT_EDGE,NoTrade,,,1.0,1.0,2020-12-04,-0.001694000664682498,0.05204354336775006,1.7820484701114676,24.08801230141737,-96.41487321542722,0.44359482076048834,0.4523291899226555,78.17364233829124,-26.184092940125115,116098.67115981736,2.2995547031963466,0.3489814184847043,,,,,,,87.0,-0.8365987835865668,0.5862068965517241,-0.5143566910134344,True
BANANAS31USDT,0,43181,INSUFFICIENT_HISTORY,NoTrade,,,1.0,1.0,2024-12-07,,,,,,,,,,,,,,,,,,,,,,,
BANANAUSDT,1007,43181,NO_CLEAR_SHORT_EDGE,NoTrade,,,1.0,1.0,2023-09-18,-0.0012859283016326921,0.06900672884356321,0.7219490022617384,3.704378285311721,-96.0371465223939,0.5784386479507245,0.40937547719565204,51.92633150821304,-28.726442033123934,55913.79362462761,23.79014200595829,0.22829426283830512,,,,,,,84.0,-0.05744879527973229,0.5833333333333334,-0.04040317486208896,False
BANKUSDT,0,43180,INSUFFICIENT_HISTORY,NoTrade,,,1.0,1.0,2025-04-18,,,,,,,,,,,,,,,,,,,,,,,
BANUSDT,602,43182,NO_CLEAR_SHORT_EDGE,NoTrade,,,1.0,1.0,2024-10-27,0.001706672588376705,0.1231551088384977,-0.2922882239385211,23.471528644595903,-89.51444636984121,1.6797068561001045,1.1753766559396173,140.95788604459125,-65.79413850153628,37854920.46837209,0.07168136212624585,0.13685637321404298,,,,,,,62.0,5.645508596447585,0.5645161290322581,0.6783348221360517,True
BASEDUSDT,0,43180,INSUFFICIENT_HISTORY,NoTrade,,,1.0,1.0,2026-03-30,,,,,,,,,,,,,,,,,,,,,,,
BBUSDT,769,43179,MIXED/UNSTABLE,NoTrade,,,1.0,1.0,2024-05-13,-0.003910146936455202,0.07026868020757245,0.3839265763492461,3.415703570414869,-97.6799670917318,0.9025277727304248,0.43993732011690334,42.58274231678487,-31.60314227524004,8430299.53816645,0.19199299089726918,0.17719777443403203,39.0,0.5641025641025641,2.5871187953110906,-60.42,0.14489984778308332,0.0890090028053693,66.0,-2.294627856606273,0.5151515151515151,-1.4145374480404191,False
BCATUSDT,0,43178,INSUFFICIENT_HISTORY,NoTrade,,,1.0,1.0,2025-05-26,,,,,,,,,,,,,,,,,,,,,,,
BDCUSDT,677,43178,NO_CLEAR_SHORT_EDGE,NoTrade,,,1.0,1.0,2024-08-13,-0.003591976791565442,0.10780056990866994,0.8975082847321905,2.7334509985219535,-99.01334411645774,1.1440548550983507,0.7715951084291236,84.80138169257341,-25.893508388037933,1352510.6152732642,0.020406280649926143,0.14290714803815918,,,,,,,44.0,6.600701261075517,0.6136363636363636,1.0904314691843338,False
BELLSUSDT,600,43177,MIXED/UNSTABLE,NoTrade,,,1.0,1.0,2024-10-29,-0.005826425034004628,0.07482898746213787,0.6780468338311669,4.562039912135271,-97.43128491620112,0.7140024794499421,0.7112924163908647,52.30125523012552,-25.149700598802404,130361.24491666669,0.24664338333333333,0.48355584113965067,16.0,0.5625,0.38509178842056735,-92.90964285714287,0.021777102244002502,0.28360778464243896,45.0,-3.3162914852601855,0.5777777777777777,-1.6805238819782526,False
BELUGAUSDT,0,43176,INSUFFICIENT_HISTORY,NoTrade,,,1.0,1.0,2025-05-13,,,,,,,,,,,,,,,,,,,,,,,
BELUSDT,1095,43177,MIXED/UNSTABLE,NoTrade,,,1.0,1.0,2020-09-15,-0.001242908825807641,0.05713643250576562,0.012299685393377932,10.293665700271486,-96.17302823293366,1.580209403827463,2.4970304864618766,48.213935230618254,-33.820998278829606,1267646.7579726027,0.49029973515981734,0.26656311437523456,37.0,0.5135135135135135,-2.9713482206133475,-136.45619953609622,-0.15896996829349416,0.22532274978883227,104.0,-3.3980750891573956,0.5882352941176471,-2.1608149420050453,False
BERTUSDT,0,43175,INSUFFICIENT_HISTORY,NoTrade,,,1.0,1.0,2024-11-15,,,,,,,,,,,,,,,,,,,,,,,
BIRBUSDT,0,43175,INSUFFICIENT_HISTORY,NoTrade,,,1.0,1.0,2026-01-28,,,,,,,,,,,,,,,,,,,,,,,
BLASTUSDT,725,43174,SPIKE_MEAN_REVERSION_EDGE,SpikeShortDaily,-25.33,25.33,1.0,2.0,2024-06-26,-0.006114030019322612,0.04866007535986239,-0.3914143059320339,2.5376732187044144,-98.82467274890917,0.7590597661884813,0.42522322554521597,20.430195469043923,-24.491869918699194,46979959.48726897,0.004553707034482758,-0.09306726968470382,18.0,0.6666666666666666,3.6856586106131095,-26.303059911539986,0.2677994226892929,0.1817960998246339,42.0,-2.3426704259718396,0.6428571428571429,-1.5202818220065,False
BLUBUSDT,641,43174,MIXED/UNSTABLE,NoTrade,,,1.0,1.0,2024-09-18,-0.005296177384833076,0.10026945385719956,0.44993160077824046,2.301497416512908,-98.87682926829268,1.1810626407362892,0.602937832374738,52.9054054054054,-35.360211500330465,7167920122728.791,3.351860530421217e-08,-0.1739503093985292,,,,,,,44.0,-3.0090169428862996,0.6590909090909091,-0.619668693014872,True
BLUEUSDT,0,43173,INSUFFICIENT_HISTORY,NoTrade,,,1.0,1.0,2024-12-11,,,,,,,,,,,,,,,,,,,,,,,
BMTUSDT,0,43172,INSUFFICIENT_HISTORY,NoTrade,,,1.0,1.0,2025-03-11,,,,,,,,,,,,,,,,,,,,,,,
BNCUSDT,1095,43172,MIXED/UNSTABLE,NoTrade,,,1.0,1.0,2021-10-21,-0.002007369709466219,0.036102198704110945,0.23461658227351467,4.366164216188712,-97.51911006152508,0.4751152788971962,0.3904677625051034,24.70087377474122,-19.031079919793747,746925.7028675798,0.21874371689497718,-0.07803767235372656,57.0,0.5789473684210527,0.4032500497553998,-101.47031185476769,0.03224728664200343,0.11060036042570662,87.0,0.6772515987265537,0.5862068965517241,0.64035080596192,False
BOBAUSDT,1095,43170,NO_CLEAR_SHORT_EDGE,NoTrade,,,1.0,1.0,2021-11-19,-0.001579761271392048,0.06409134389067522,3.04333019324522,36.36494229402405,-98.48162594949703,1.2751516884987344,1.1521372045034481,130.0870722644335,-29.823800226577003,2326964.843762557,0.16008201826484017,0.1523484356114577,,,,,,,79.0,4.160085313208557,0.48717948717948717,1.3696733046503002,False
BOBERUSDT,380,43199,SPIKE_MEAN_REVERSION_EDGE,SpikeShortDaily,-15.11,12.0,1.0,1.5,,-0.005115106460758723,0.05788973221707451,0.17639097686618962,2.1122765775119383,-88.6245110821382,1.2786595337077233,0.893432756310579,25.648414985590783,-18.549747048903875,159429973.9454474,0.0001235642105263158,-0.057462520365414715,5.0,0.6,2.432259049270466,-12.000000000000016,0.2146522096018214,0.46754272459352686,11.0,-8.05516058621297,0.8181818181818182,-3.136926685653413,False
BOBOUSDT,0,43170,INSUFFICIENT_HISTORY,NoTrade,,,1.0,1.0,2026-05-18,,,,,,,,,,,,,,,,,,,,,,,
BOBUSDT,0,43171,INSUFFICIENT_HISTORY,NoTrade,,,1.0,1.0,2025-11-20,,,,,,,,,,,,,,,,,,,,,,,
BOMEUSDT,829,43169,MIXED/UNSTABLE,NoTrade,,,1.0,1.0,2024-03-14,-0.001709991864813968,0.09460766815371228,6.641753036593631,114.63150691065886,-98.23955832933268,0.7706837268460508,0.5248597932376512,411.05527638190955,-42.196406275446506,1040844838.6043665,0.004184171531966224,0.24449376316755522,21.0,0.5238095238095238,0.4357991879855927,-86.54174154302193,0.026814257708570134,0.19019894973484178,61.0,-3.554251697772563,0.6065573770491803,-2.158311677293513,False
BONEUSDT,1095,43168,MIXED/UNSTABLE,NoTrade,,,1.0,1.0,2022-01-11,-0.0026347381976663527,0.05123475341504307,1.3082689591213978,11.1412963479057,-97.48961458573737,0.64540156887728,0.7675731661099527,54.957160342717245,-17.77251184834123,940438.8334063927,0.44124592694063924,0.3376073222587029,,,,,,,78.0,2.3308479177418726,0.5512820512820513,1.1758154161041061,True
BONKUSDT,1095,43168,NO_CLEAR_SHORT_EDGE,NoTrade,,,1.0,1.0,2023-01-03,0.0023606321704815114,0.07903413803397819,1.4234022610391441,7.835284168317381,-92.11225444340505,0.7111655849128767,0.49512705681652575,82.98998635912697,-30.480718436344432,342712822810.1662,1.5572590410958902e-05,0.23991963495058558,,,,,,,136.0,18.126497229921654,0.38235294117647056,6.168829936821441,False
BROCCOLIUSDT,0,43167,INSUFFICIENT_HISTORY,NoTrade,,,1.0,1.0,2025-02-13,,,,,,,,,,,,,,,,,,,,,,,
BSBUSDT,0,43167,INSUFFICIENT_HISTORY,NoTrade,,,1.0,1.0,2026-03-04,,,,,,,,,,,,,,,,,,,,,,,
BSTUSDT,1095,43166,NO_CLEAR_SHORT_EDGE,NoTrade,,,1.0,1.0,2023-04-24,-0.002370517915073369,0.0565102262319123,0.7555392166587972,4.429242827603842,-98.56056240636164,0.7521370754260598,0.5502286469459579,38.634471273938395,-22.752726201002062,814166.5262739726,0.1975296712328767,-0.04832795644745608,,,,,,,82.0,-0.7689623364008895,0.5487804878048781,-0.5561344150386929,False
BULLAUSDT,0,43165,INSUFFICIENT_HISTORY,NoTrade,,,1.0,1.0,2025-06-06,,,,,,,,,,,,,,,,,,,,,,,
BULLISHUSDT,0,43164,INSUFFICIENT_HISTORY,NoTrade,,,1.0,1.0,,,,,,,,,,,,,,,,,,,,,,,,
BULLSUSDT,0,43164,INSUFFICIENT_HISTORY,NoTrade,,,1.0,1.0,2025-01-19,,,,,,,,,,,,,,,,,,,,,,,
BULLUSDT,0,43166,INSUFFICIENT_HISTORY,NoTrade,,,1.0,1.0,2026-04-13,,,,,,,,,,,,,,,,,,,,,,,
BUTTCOINUSDT,0,43163,INSUFFICIENT_HISTORY,NoTrade,,,1.0,1.0,2026-01-15,,,,,,,,,,,,,,,,,,,,,,,
CAPUSDT,916,43161,MIXED/UNSTABLE,NoTrade,,,1.0,1.0,2023-12-18,-0.001174024605135931,0.11018854975946119,1.223199734487861,12.008329215432624,-97.23598901545311,0.1960061529785705,0.15116467897633665,133.7257453857075,-43.96363636363636,1060407.5606441048,0.08253902838427947,-0.07790615450307742,27.0,0.48148148148148145,1.3292513339880012,-82.5906127439387,0.06130395530098774,0.2117524270540944,78.0,-3.600838599069485,0.5512820512820513,-1.8342845258452407,False
CATCOINUSDT,809,43160,MIXED/UNSTABLE,NoTrade,,,1.0,1.0,2024-04-03,-0.004500398766553544,0.07321224231521756,1.2110752683135724,9.07178978451897,-97.5548060708263,1.1419725000726988,0.7115799285852215,70.08980866848884,-29.074185162967403,878921616317331.5,1.8674943139678615e-10,0.14921358922143718,36.0,0.6111111111111112,-1.214742508118349,-164.04354929652484,-0.04778703455851584,0.10360910589447955,46.0,0.1260185824348353,0.6304347826086957,0.04161777315415453,False
CATIUSDT,639,43198,GRIND_DOWN_EDGE,GrindShortDaily,-44.84,44.84,1.0,1.5,,-0.004172177728290175,0.06185566679872625,-0.26648283860699973,4.969327081657825,-95.96928140427866,1.2121131135057897,0.6732333966462736,36.16149795201873,-26.29656683710737,7972617.436040687,0.15609467918622846,0.30395425889340266,34.0,0.6176470588235294,4.120833819795735,-47.0280819366853,0.23205360824025079,0.08915988518699797,38.0,-2.7546008376414286,0.5263157894736842,-1.194338915581693,False
CATUSDT,668,43161,MIXED/UNSTABLE,NoTrade,,,1.0,1.0,2024-08-22,-0.003793748212582458,0.07709582420043719,0.6786918313412662,4.778721100688341,-97.78032364313333,0.8532949896606881,0.5758691896632955,50.85714285714287,-29.551907171954074,52154299132.3518,1.2229104790419161e-05,0.20055103789234394,17.0,0.5294117647058824,-1.142504458142968,-45.129790974373485,-0.07298308140098134,0.28757693671294615,48.0,-5.8420269426049956,0.6666666666666666,-3.6184425889724543,True
CAUSDT,976,43162,NO_CLEAR_SHORT_EDGE,NoTrade,,,1.0,1.0,2023-10-19,0.00018954324019201016,0.05014218478995462,1.0544979366403007,21.836806401094595,-83.94643262465007,0.21142579013142476,0.2827386505532129,71.26317965681208,-26.418635460366534,277565.89092213113,0.46886426229508193,0.10468888190131907,,,,,,,81.0,5.47076848859592,0.4567901234567901,2.3472178976656983,False
CAWUSDT,1095,43160,NO_CLEAR_SHORT_EDGE,NoTrade,,,1.0,1.0,2022-04-19,-0.0005096843880209314,0.05384250581590442,0.6218219163879323,5.23931529425011,-85.6651127884657,1.0279352524366125,0.6118150177571595,50.02246938546231,-24.997474346577388,3417484028877.024,5.885382465753425e-08,0.38858489782255307,,,,,,,92.0,1.3828077193107595,0.44565217391304346,0.9201041258421236,True
CHEEMSUSDT,605,43159,NO_CLEAR_SHORT_EDGE,NoTrade,,,1.0,1.0,2024-10-24,0.0009983593414255906,0.07428613596499072,0.576583663194361,9.348308708128226,-80.55014605647517,0.898408229484952,0.5963455415630051,73.72991749891446,-36.0018639328984,436008374562.92395,9.974543801652895e-07,0.43148193142594277,,,,,,,45.0,-0.16524691978749104,0.5777777777777777,-0.057758927233536934,True
CHILLGUYUSDT,0,43159,INSUFFICIENT_HISTORY,NoTrade,,,1.0,1.0,2024-11-20,,,,,,,,,,,,,,,,,,,,,,,
CHIPUSDT,0,43158,INSUFFICIENT_HISTORY,NoTrade,,,1.0,1.0,2026-04-21,,,,,,,,,,,,,,,,,,,,,,,
CITYUSDT,1095,43157,MIXED/UNSTABLE,NoTrade,,,1.0,1.0,2022-08-20,-0.0018613816855116536,0.032411714238706736,-0.4426144092597899,7.164887522058201,-90.81647574945163,0.49572572034633505,0.28427452750577203,19.55017301038062,-22.584292763157897,207823.57417351598,1.8338352511415525,0.34407756252408056,56.0,0.5535714285714286,0.0570746620808308,-58.15217630646778,0.005959798293311666,0.10666039021918079,70.0,0.37640896059037793,0.4857142857142857,0.4340675311515123,False
CLANKERUSDT,0,43157,INSUFFICIENT_HISTORY,NoTrade,,,1.0,1.0,2024-11-27,,,,,,,,,,,,,,,,,,,,,,,
CLASHUSDT,0,43156,INSUFFICIENT_HISTORY,NoTrade,,,1.0,1.0,,,,,,,,,,,,,,,,,,,,,,,,
CLOUDUSDT,659,43155,MIXED/UNSTABLE,NoTrade,,,1.0,1.0,2024-08-31,-0.004408631816861064,0.06616830581223615,1.3011898635859924,8.917342762412627,-97.923276141146,0.877577017303619,0.3752001686733337,67.20837043633124,-24.59943449575872,1031415.0961305007,0.13487182094081943,-0.015484864472361162,27.0,0.6296296296296297,-2.225405966699667,-98.76207209116455,-0.09863971277995429,0.15599546702476055,42.0,0.6609325590716764,0.6428571428571429,0.24331494424804012,True
COOKUSDT,600,43155,NO_CLEAR_SHORT_EDGE,NoTrade,,,1.0,1.0,2024-10-29,-0.0034912382166742144,0.06045299852145677,0.7294697888013849,6.455162197362974,-93.1857161141687,0.12830013783431302,0.12714914594117166,38.33657669853625,-24.69760990871851,12526613.036116667,0.010571898333333331,-0.21903513407258376,,,,,,,31.0,-0.4399139746638587,0.45161290322580644,-0.1326234006351816,True
COQUSDT,814,43154,MIXED/UNSTABLE,NoTrade,,,1.0,1.0,2024-03-29,-0.005033170882124956,0.07457997707904335,0.6636948441976863,3.3120038040032798,-98.65219810795772,1.4411055633183818,1.4995933938518886,45.27080372651191,-33.77613240418119,222421654197.59708,9.699279606879606e-07,0.08375053336792095,22.0,0.6818181818181818,0.4958356178826642,-81.8696686748456,0.02890291561322038,0.15582981109855246,54.0,-4.645683443086982,0.6481481481481481,-2.4023615179555264,True
CORNUSDT,0,43153,INSUFFICIENT_HISTORY,NoTrade,,,1.0,1.0,2025-03-28,,,,,,,,,,,,,,,,,,,,,,,
COWUSDT,0,43153,INSUFFICIENT_HISTORY,NoTrade,,,1.0,1.0,2024-11-06,,,,,,,,,,,,,,,,,,,,,,,
CREPEUSDT,969,43152,MIXED/UNSTABLE,NoTrade,,,1.0,1.0,2023-10-26,-0.005870163863888361,0.12323548441159249,0.7482700636298801,17.908979095743135,-99.87535834475881,0.29353178016465814,0.1665873273970228,201.28205128205127,-60.952380952380956,17124497.752383903,0.008766687512899897,-0.014830940336678929,27.0,0.48148148148148145,-4.32257417648477,-169.99297683037588,-0.1381047721238874,0.22221101707382085,70.0,-6.251435545670929,0.6857142857142857,-1.8030156278854863,False
CUSDT,0,43163,INSUFFICIENT_HISTORY,NoTrade,,,1.0,1.0,2025-07-14,,,,,,,,,,,,,,,,,,,,,,,
DADDYUSDT,736,43152,NO_CLEAR_SHORT_EDGE,NoTrade,,,1.0,1.0,2024-06-15,-0.003837572925824903,0.0723615223232518,0.9335535170608311,5.390549403098621,-97.63649425287356,1.0800855843301607,1.013168439890809,51.288941972728175,-26.802884615384603,5136539.191399456,0.046154697010869564,0.2008554993370869,,,,,,,44.0,1.2771958005547643,0.6666666666666666,0.29867225787497115,True
DAMUSDT,0,43151,INSUFFICIENT_HISTORY,NoTrade,,,1.0,1.0,2025-08-18,,,,,,,,,,,,,,,,,,,,,,,
DEGENUSDT,817,43150,NO_CLEAR_SHORT_EDGE,NoTrade,,,1.0,1.0,2024-03-26,-0.0028480701670020015,0.09503349024292568,1.7469259372392898,9.76579917761444,-98.893531911854,2.4528927717096005,1.249187115818695,112.73512963904425,-27.33284349742836,34816458.26208079,0.006504651774785802,0.030013096774505754,,,,,,,65.0,0.9204667031126506,0.6153846153846154,0.2850996842560475,False
DINGOUSDT,816,43150,NO_CLEAR_SHORT_EDGE,NoTrade,,,1.0,1.0,2024-03-27,-0.00018259415229393723,0.07661877132911378,1.086549738490817,10.823670418016507,-95.39393939393939,1.424560595528953,0.7526613158289319,72.35376044568244,-31.032125768967877,1267567047.5468137,2.525796568627451e-05,0.0645296235461762,,,,,,,91.0,26.06288012414917,0.31868131868131866,4.310169260877034,True
DJI6930USDT,0,43149,INSUFFICIENT_HISTORY,NoTrade,,,1.0,1.0,2025-07-29,,,,,,,,,,,,,,,,,,,,,,,
DODOUSDT,1095,43149,NO_CLEAR_SHORT_EDGE,NoTrade,,,1.0,1.0,2020-10-12,-0.0016618766191336205,0.05444054661018851,-0.1620472031075793,6.96126644100374,-95.77616187164085,1.3568107274437633,0.7419183461742314,37.348178137651814,-34.727085478887744,8374826.319452054,0.09464036529680364,0.09653016603413961,,,,,,,96.0,-1.1147930560626451,0.5520833333333334,-0.8911582711801144,True
DOGEUSDT,1095,43148,NO_CLEAR_SHORT_EDGE,NoTrade,,,1.0,1.0,2018-11-26,0.00021934449005363779,0.04565723015915226,0.24761155280513958,3.632096336463654,-82.52460492741814,0.5254729026884093,0.24073133874581842,27.014304647868002,-22.14665164198325,282756173.79144293,0.15329424657534246,0.32032607537829855,,,,,,,116.0,4.444810275802389,0.5258620689655172,2.3344471360893824,False
DOGINMEUSDT,695,43147,NO_CLEAR_SHORT_EDGE,NoTrade,,,1.0,1.0,2024-07-26,-0.0013985593465958034,0.11960450475864882,1.54054925358546,8.968402247295717,-96.08606819052483,1.4111418160336568,0.3414627292482847,142.8094575799722,-32.996413433322466,244727536.69094968,0.0003482156115107914,-0.0676957376599492,,,,,,,65.0,4.308259817297437,0.6153846153846154,1.1962595796682152,True
DOGSUSDT,664,43147,MIXED/UNSTABLE,NoTrade,,,1.0,1.0,2024-08-26,-0.005178295765369016,0.06941284023993483,0.4489989197015662,9.33828333818745,-98.3026404874746,0.9958228534981877,0.6887196851389511,62.914255654918485,-38.47472150814054,9895049206.01485,0.00023969972891566262,0.306057556849196,30.0,0.7,4.20909387477728,-100.76055710306406,0.25462658118823034,0.12036272640362757,38.0,-2.866883228640734,0.5789473684210527,-0.7912025192188418,False
DOGUSDT,727,43148,NO_CLEAR_SHORT_EDGE,NoTrade,,,1.0,1.0,2024-06-24,-0.0030896262565365557,0.06987239284480556,0.49439248375681144,2.026843894514686,-93.70191297035947,0.7862964374647284,0.4809357744419355,34.7549019607843,-22.848948374761,446825934.66640985,0.0028447883081155435,0.41769926375144334,,,,,,,43.0,1.0136270485466445,0.5813953488372093,0.35211680452512883,True
DUPEUSDT,0,43146,INSUFFICIENT_HISTORY,NoTrade,,,1.0,1.0,2025-04-29,,,,,,,,,,,,,,,,,,,,,,,
ECHOUSDT,0,43145,INSUFFICIENT_HISTORY,NoTrade,,,1.0,1.0,2025-07-02,,,,,,,,,,,,,,,,,,,,,,,
ELONUSDT,1095,43145,NO_CLEAR_SHORT_EDGE,NoTrade,,,1.0,1.0,2021-11-21,-0.0015875107986374167,0.054609042056468764,1.2673859257249258,12.635085920496326,-93.02824004034291,0.7646566435129787,0.7140573232128606,69.5382882882883,-26.99077954735959,1322553952548.328,1.3753613698630138e-07,0.4977099296064592,,,,,,,82.0,2.1827557749310262,0.573170731707317,0.9528280856398113,True
ESPUSDT,0,43144,INSUFFICIENT_HISTORY,NoTrade,,,1.0,1.0,2026-02-12,,,,,,,,,,,,,,,,,,,,,,,
EVAUSDT,0,43144,INSUFFICIENT_HISTORY,NoTrade,,,1.0,1.0,2026-02-11,,,,,,,,,,,,,,,,,,,,,,,
FARMUSDT,1095,43143,NO_CLEAR_SHORT_EDGE,NoTrade,,,1.0,1.0,2021-08-11,-0.0012818851319240866,0.04815068992872066,2.7732948896283025,41.592366528859,-95.15068760362821,1.0381402911878737,0.6581481989486545,97.29166666666667,-27.066450567260937,6824.60689041096,33.34666210045662,0.11351540238343502,,,,,,,76.0,-1.1942536042777043,0.5789473684210527,-0.9856654607074696,True
FARTBOYUSDT,0,43142,INSUFFICIENT_HISTORY,NoTrade,,,1.0,1.0,2025-02-21,,,,,,,,,,,,,,,,,,,,,,,
FARTCOINUSDT,608,43141,NO_CLEAR_SHORT_EDGE,NoTrade,,,1.0,1.0,2024-10-21,0.001980231329651948,0.11478165959648168,0.2930549134013568,2.5181005610288594,-95.08641860896158,1.1542866246971866,0.854991923345466,58.797933097633944,-41.316218930454426,8110823.364111843,0.5688354769736842,0.4665555468281465,,,,,,,74.0,13.214863469214635,0.5135135135135135,2.7562814689431345,False
FBUSDT,643,43141,SPIKE_MEAN_REVERSION_EDGE,SpikeShortDaily,-40.95,40.95,1.0,1.5,2024-09-16,-0.006332931463420426,0.05881058293754154,0.5271081122473286,9.190557564893316,-98.42509441879983,0.5133335795129526,0.19819515330220316,48.04697472555528,-27.124463519313302,105723.56791601867,1.6385315707620527,-0.2648956788754262,13.0,0.7692307692307693,3.108174556368132,-40.949999999999996,0.21254035728379167,0.28548967571861095,25.0,-3.434302354762023,0.8,-1.8985621589048327,False
FEGUSDT,1082,43140,NO_CLEAR_SHORT_EDGE,NoTrade,,,1.0,1.0,2023-07-05,-0.0019899814548822213,0.06889349664437837,-3.890408490402499,92.77644055379224,-97.78039872165576,0.4990458385040306,0.24077732134464444,85.56346673213851,-70.0,339292800.01003695,0.0002597219685767098,-0.07561192322814186,,,,,,,86.0,1.9381595826792415,0.5581395348837209,0.844431436082496,True
FIGHTUSDT,0,43140,INSUFFICIENT_HISTORY,NoTrade,,,1.0,1.0,2026-01-22,,,,,,,,,,,,,,,,,,,,,,,
FITUSDT,1087,43139,MIXED/UNSTABLE,NoTrade,,,1.0,1.0,2023-06-30,-0.005045028824533563,0.08265590512287797,1.6341810624953308,35.773983003928265,-99.86261448792673,0.04188510786245971,0.029585147484900716,154.1818181818182,-47.61904761904761,393853124.29563934,0.0033130630358785646,0.053012600463378495,25.0,0.52,0.5487879586675756,-71.76739013415433,0.04155090602821174,0.1999516540665979,59.0,-4.466459918669875,0.6101694915254238,-2.52607338830382,False
FLOCKUSDT,0,43139,INSUFFICIENT_HISTORY,NoTrade,,,1.0,1.0,2024-12-31,,,,,,,,,,,,,,,,,,,,,,,
FLOKIUSDT,1095,43138,NO_CLEAR_SHORT_EDGE,NoTrade,,,1.0,1.0,2021-10-08,-1.1830352500391762e-05,0.06323889713799748,1.2954234739655819,10.137075505602008,-92.72647811700068,0.6496193165021472,0.6722116104480756,66.51609665160969,-27.43391360412637,21241971890.939728,9.044864840182648e-05,0.3617573109462652,,,,,,,111.0,11.581465437135844,0.46846846846846846,2.9908804263242326,False
FLORKUSDT,0,43138,INSUFFICIENT_HISTORY,NoTrade,,,1.0,1.0,2026-04-22,,,,,,,,,,,,,,,,,,,,,,,
FLOWUSDT,1095,43137,MIXED/UNSTABLE,NoTrade,,,1.0,1.0,2021-03-09,-0.0026640003468465247,0.05039931259265939,-0.49465287410663544,9.17449387972784,-98.41509433962263,0.6812739296917383,0.5158210778559176,31.769163509181,-33.603707995365006,3015009.5936438353,0.5043743196347032,0.4936347179752792,55.0,0.509090909090909,-1.8289252183082858,-153.58593436536137,-0.15721016695628523,0.12378569506303881,101.0,1.2475698143404945,0.4158415841584158,1.122884083273859,False
FOGUSDT,1051,43198,NO_CLEAR_SHORT_EDGE,NoTrade,,,1.0,1.0,,-0.0038253293422359272,0.14325780429034563,-0.20248617173187902,24.20192909372637,-99.82821943282194,2.087426616591077,1.8346491328651957,235.50939663699307,-78.48478399659501,3423673.2365937205,0.27766237868696475,-0.04674306510751883,,,,,,,102.0,15.551065621330045,0.5392156862745098,2.868008189894316,False
FORESTUSDT,0,43136,INSUFFICIENT_HISTORY,NoTrade,,,1.0,1.0,2025-09-01,,,,,,,,,,,,,,,,,,,,,,,
FORMUSDT,0,43136,INSUFFICIENT_HISTORY,NoTrade,,,1.0,1.0,2025-03-19,,,,,,,,,,,,,,,,,,,,,,,
FREEDOMUSDT,1095,43135,NO_CLEAR_SHORT_EDGE,NoTrade,,,1.0,1.0,2022-12-01,-0.0017446808110484029,0.07030874353242107,1.4585377277999585,12.80546563514873,-96.66114136869524,0.7962314332617485,0.8048642458926349,90.46348782927642,-32.14285714285714,946298486862.5278,1.297571872146119e-07,0.15137094024278333,,,,,,,75.0,0.27286497493486894,0.6533333333333333,0.09594872134498277,False
FUNUSDT,0,43135,INSUFFICIENT_HISTORY,NoTrade,,,1.0,1.0,2026-01-15,,,,,,,,,,,,,,,,,,,,,,,
FUSDT,0,43143,INSUFFICIENT_HISTORY,NoTrade,,,1.0,1.0,2024-12-06,,,,,,,,,,,,,,,,,,,,,,,
FWOGUSDT,690,43134,NO_CLEAR_SHORT_EDGE,NoTrade,,,1.0,1.0,2024-07-31,-0.0027112130736068225,0.11485890287545392,0.7653058821343799,3.37298467354063,-99.40240649141333,1.071703409174711,0.3820181724132441,82.49258160237392,-37.425,8058084.076101449,0.07846162898550724,0.33416382654596394,,,,,,,74.0,10.297197567849974,0.43243243243243246,3.142838652684471,True
GHSTUSDT,1095,43134,NO_CLEAR_SHORT_EDGE,NoTrade,,,1.0,1.0,2020-09-22,-0.0025287130259122937,0.06052601974739982,3.1031860078760225,39.40169656115167,-98.24544988077632,1.2199777764913806,0.38890954955966583,113.11594202898551,-31.10053269862859,611537.7800639269,0.7260775525114155,0.30484963004972515,,,,,,,90.0,3.38434102295646,0.5333333333333333,1.4071759467756866,False
GIGAUSDT,699,43133,NO_CLEAR_SHORT_EDGE,NoTrade,,,1.0,1.0,2024-07-22,-0.002376457041415677,0.09202162602116049,0.4741499984384085,2.640515330875952,-98.1682948490231,1.0805089037608828,0.9205799435258293,67.78042959427206,-30.01383125864454,8698001.639442058,0.019994005722460656,0.3434800642783089,,,,,,,57.0,3.4673542253218477,0.5789473684210527,1.009723050482201,False
GIGGLEUSDT,0,43133,INSUFFICIENT_HISTORY,NoTrade,,,1.0,1.0,2025-09-22,,,,,,,,,,,,,,,,,,,,,,,
GMEUSDT,768,43132,MIXED/UNSTABLE,NoTrade,,,1.0,1.0,2024-05-14,-0.004555207306403663,0.10341915917578372,3.2925141941688825,38.96129166175528,-98.19608724983134,0.8463725249131953,0.8934300911936358,268.00726517903485,-35.73544660050363,83162917.96541667,0.002503883203125,0.6444938721014613,22.0,0.7272727272727273,4.437024490203144,-72.6932811195994,0.17824814047782256,0.1963817004867706,51.0,-7.108947681400878,0.7254901960784313,-2.369207730772335,True
GOATEDUSDT,0,43131,INSUFFICIENT_HISTORY,NoTrade,,,1.0,1.0,2025-09-27,,,,,,,,,,,,,,,,,,,,,,,
GOATUSDT,616,43131,SPIKE_MEAN_REVERSION_EDGE,SpikeShortDaily,-41.31,41.31,1.0,1.0,2024-10-13,-0.0024472570798390802,0.09759444986403353,2.2420211610475453,19.501479075707653,-98.96349670091588,0.7497274965905573,0.48612621521018073,156.42036124794743,-35.78114109329882,14779103.500633117,0.1552712012987013,0.34651115754802847,15.0,0.6,6.071470883567245,-41.31,0.332927127325704,0.27535009509018643,39.0,-4.009496677167023,0.5641025641025641,-1.5702217481495409,False
GOBLINUSDT,0,43130,INSUFFICIENT_HISTORY,NoTrade,,,1.0,1.0,2026-05-11,,,,,,,,,,,,,,,,,,,,,,,
GOCHUUSDT,699,43130,NO_CLEAR_SHORT_EDGE,NoTrade,,,1.0,1.0,2024-07-22,-0.0008738620721488342,0.06760960758057404,-0.14099575004878365,11.74440896822242,-94.42077364377496,0.38286198669522326,0.33836050061525896,52.022236956189104,-33.74910265613784,447920680090.0315,8.462090128755366e-07,0.364842624638554,,,,,,,64.0,-2.5976569096215494,0.609375,-1.3331086359595714,False
GOHOMEUSDT,400,43197,MIXED/UNSTABLE,NoTrade,,,1.0,1.0,,-0.002963135837495148,0.023364970785640184,-0.7983418896033406,3.0774348518594534,-71.6651439013248,0.33793512325061853,0.3891904306771009,5.979511970534079,-11.304477167930981,1376.443735,151.68597499999998,0.012230192198113858,5.0,0.8,-4.419365851496521,-33.34000000000002,-0.30481935166541996,0.3724576265911643,8.0,-5.0777400860559805,1.0,-4.8439310197869965,False
GRIFFAINUSDT,0,43129,INSUFFICIENT_HISTORY,NoTrade,,,1.0,1.0,2024-12-10,,,,,,,,,,,,,,,,,,,,,,,
GROKUSDT,958,43129,NO_CLEAR_SHORT_EDGE,NoTrade,,,1.0,1.0,2023-11-06,-0.001063904329370164,0.09835163047731019,1.508297628814687,9.217580658723323,-98.95826771653543,1.0964589763452217,1.2717085020866727,112.60330578512394,-34.977942883677734,162097176.69180584,0.004604595615866389,0.6110460380415368,,,,,,,72.0,-1.9092509226615286,0.5555555555555556,-0.6535844596759806,False
GUAUSDT,0,43128,INSUFFICIENT_HISTORY,NoTrade,,,1.0,1.0,2025-11-27,,,,,,,,,,,,,,,,,,,,,,,
HANAUSDT,0,43127,INSUFFICIENT_HISTORY,NoTrade,,,1.0,1.0,2025-09-26,,,,,,,,,,,,,,,,,,,,,,,
HAROLDUSDT,0,43078,INSUFFICIENT_HISTORY,NoTrade,,,1.0,1.0,2025-01-16,,,,,,,,,,,,,,,,,,,,,,,
HARRYUSDT,1067,43078,NO_CLEAR_SHORT_EDGE,NoTrade,,,1.0,1.0,2023-07-20,-0.0015798609163472056,0.1010101743143113,0.9469748581050538,3.3528304656323176,-96.79895383215829,0.9599268693514914,0.2996601483484667,94.01066925315229,-26.788842474060093,2343782.7838331773,0.09224582005623243,0.10245999297931327,,,,,,,96.0,5.1096417458406425,0.53125,1.8636385346011652,True
HIPPOUSDT,628,43077,NO_CLEAR_SHORT_EDGE,NoTrade,,,1.0,1.0,2024-10-01,-0.00594541381099327,0.12452039801730629,-2.070276692153173,52.886232757183784,-99.43429795577502,1.3155128316879567,0.9271472735624272,224.6535069298614,-77.96327212020033,312016964.832707,0.0037661205414012745,0.22608413039502145,,,,,,,59.0,8.979461791109578,0.4915254237288136,1.1310291392027605,False
HIVEUSDT,1095,43077,SPIKE_MEAN_REVERSION_EDGE,SpikeShortDaily,-15.92,15.92,1.0,2.5,2020-04-23,-0.0017114303617606517,0.044056215958270736,0.8149650168640987,14.268217092986252,-92.89274924471299,0.9253540462846691,0.3742771153955871,51.7241379310345,-24.175824175824168,1861546.3321917811,0.23833691324200915,0.0579630784903479,31.0,0.6451612903225806,2.0249902974518075,-32.149364237143715,0.2249194914987883,0.10745328895069599,74.0,-2.4336770370439966,0.6216216216216216,-2.583117880954632,False
HMSTRUSDT,633,43196,MIXED/UNSTABLE,NoTrade,,,1.0,1.0,,-0.005908479268595209,0.06558655581950219,0.8047239671660227,17.825223674484448,-98.07448844398645,2.1753508171016223,0.7895828761134975,80.5130168453292,-34.620334620334624,1191050334.9324012,0.0014008105845181673,0.3576423940082617,31.0,0.5806451612903226,-0.569899766783846,-131.19800498753114,-0.033211532065572126,0.17917040379426127,44.0,-3.202151337189422,0.5681818181818182,-1.4389248530925085,False
HOLOUSDT,0,43076,INSUFFICIENT_HISTORY,NoTrade,,,1.0,1.0,2025-09-11,,,,,,,,,,,,,,,,,,,,,,,
HOOLIUSDT,0,43075,INSUFFICIENT_HISTORY,NoTrade,,,1.0,1.0,2026-05-15,,,,,,,,,,,,,,,,,,,,,,,
HOSKYUSDT,1095,43075,NO_CLEAR_SHORT_EDGE,NoTrade,,,1.0,1.0,2022-02-09,-0.00032124236483878083,0.09061354264533983,1.762709925487673,13.273669207018653,-98.14531737682431,1.1875511203510785,1.33651063253331,126.6068856120814,-33.985,169111563202.81384,3.720930958904109e-08,0.21723417796541264,,,,,,,101.0,18.957485619077627,0.49504950495049505,3.1658017848583224,False
HOUSEUSDT,0,43074,INSUFFICIENT_HISTORY,NoTrade,,,1.0,1.0,2025-04-01,,,,,,,,,,,,,,,,,,,,,,,
HUNDUSDT,810,43074,MIXED/UNSTABLE,NoTrade,,,1.0,1.0,2024-04-02,-0.005583452660413443,0.08326660647909523,1.7993436709543011,22.2740557926107,-99.21139854486661,1.5263531904782617,0.47245029133441746,151.9960079840319,-34.93506493506494,82419590.55298765,0.005023414074074074,0.3265228783850896,23.0,0.6956521739130435,-0.9263714455630239,-109.91063519098478,-0.03453584205156341,0.18018978108791528,55.0,-7.519778135247969,0.7454545454545455,-3.9631157399201786,False
ICECREAMUSDT,400,43196,MIXED/UNSTABLE,NoTrade,,,1.0,1.0,,-0.006684053724073809,0.043171998054025336,-0.8571673154050299,31.828292750346897,-94.68829194120629,0.3622017218959537,0.5348709100282986,36.803519061583586,-32.16986620127982,6355365.953599999,0.0093025875,0.013288191173362421,7.0,0.5714285714285714,-0.027238977383433043,-28.224662379421236,-0.002267929585958636,0.5896570527057149,19.0,-1.9791074031391307,0.5789473684210527,-1.7481158491227153,False
IDUSDT,1095,43073,NO_CLEAR_SHORT_EDGE,NoTrade,,,1.0,1.0,2023-03-22,-0.0022374707355936317,0.05640636039462683,1.5561003901056703,23.656121186414833,-98.62460108228112,1.981254753253934,1.1938875212056466,89.14452596338774,-31.144211238997965,2923887.6226575347,0.29719547031963467,0.18380466896852926,,,,,,,91.0,2.412248779793797,0.4945054945054945,0.993104424005148,False
IKAUSDT,0,43073,INSUFFICIENT_HISTORY,NoTrade,,,1.0,1.0,2025-07-29,,,,,,,,,,,,,,,,,,,,,,,
INUSDT,0,43072,INSUFFICIENT_HISTORY,NoTrade,,,1.0,1.0,2025-08-07,,,,,,,,,,,,,,,,,,,,,,,
IQUSDT,1095,43071,NO_CLEAR_SHORT_EDGE,NoTrade,,,1.0,1.0,2020-06-19,-0.001558220195556234,0.04155650386130585,1.3883693524671923,17.554774402752287,-95.0491510277033,0.500978422952348,0.2604060932429116,57.43753322700691,-18.297912894310485,54261592.56330594,0.004884085205479453,0.16206751562207777,,,,,,,88.0,0.7504721524645248,0.5681818181818182,0.5798456186702066,True
JAGERUSDT,0,43071,INSUFFICIENT_HISTORY,NoTrade,,,1.0,1.0,2025-05-05,,,,,,,,,,,,,,,,,,,,,,,
JOEUSDT,1095,43070,NO_CLEAR_SHORT_EDGE,NoTrade,,,1.0,1.0,2021-11-23,-0.0022970254751850036,0.05505103420781636,0.47625314032120153,7.455216890600436,-97.4931373417161,0.8468676491286955,0.7103560430965286,59.91177281499864,-26.79269882659714,1425966.475305936,0.28021555251141556,0.2372446741183888,,,,,,,88.0,-0.052983655037368814,0.5795454545454546,-0.033868440847371596,False
JYAIUSDT,0,43070,INSUFFICIENT_HISTORY,NoTrade,,,1.0,1.0,2025-04-23,,,,,,,,,,,,,,,,,,,,,,,
KASPYUSDT,598,43195,NO_CLEAR_SHORT_EDGE,NoTrade,,,1.0,1.0,,-0.005498668284821738,0.09665060778760345,0.8293226774772655,7.4963645760893165,-97.76627856834843,1.2560899727680517,0.39766970546995384,85.09615384615384,-36.83510638297872,3000233453.4835954,1.1523127090301002e-05,0.0699253635516593,,,,,,,39.0,-0.6575700528713071,0.6666666666666666,-0.2074678123950204,False
KATAUSDT,1095,43194,NO_CLEAR_SHORT_EDGE,NoTrade,,,1.0,1.0,,-0.002282554231597739,0.07148499031720279,0.7993985576370364,4.499763878875279,-99.20786885245901,1.0092209287922498,0.6538145118351593,61.967606478704276,-29.94628216002261,358049343.79193604,0.0004910130410958904,0.07270678630285976,,,,,,,87.0,2.649105324540981,0.5287356321839081,1.3537414556697693,True
KATUSDT,0,43069,INSUFFICIENT_HISTORY,NoTrade,,,1.0,1.0,2026-03-18,,,,,,,,,,,,,,,,,,,,,,,
KEKIUSUSDT,0,43069,INSUFFICIENT_HISTORY,NoTrade,,,1.0,1.0,2024-12-28,,,,,,,,,,,,,,,,,,,,,,,
KEYCATUSDT,0,43068,INSUFFICIENT_HISTORY,NoTrade,,,1.0,1.0,2025-01-15,,,,,,,,,,,,,,,,,,,,,,,
KIBSHIUSDT,0,43067,INSUFFICIENT_HISTORY,NoTrade,,,1.0,1.0,2024-11-17,,,,,,,,,,,,,,,,,,,,,,,
KISHUUSDT,1095,43067,NO_CLEAR_SHORT_EDGE,NoTrade,,,1.0,1.0,2021-06-28,-0.0006577845703890971,0.07556494341535182,0.3960269249846988,12.851588535034452,-97.82533936651583,1.8038146988070447,1.8314030097393268,76.29227823867262,-50.02526528549773,598296464481526.6,2.3604674885844746e-10,0.11678943631529078,,,,,,,99.0,8.561224821255102,0.5252525252525253,2.2998130643945256,True
KOMAUSDT,0,43066,INSUFFICIENT_HISTORY,NoTrade,,,1.0,1.0,2024-11-17,,,,,,,,,,,,,,,,,,,,,,,
LADYSUSDT,1095,43065,NO_CLEAR_SHORT_EDGE,NoTrade,,,1.0,1.0,2023-05-11,-0.0018695234209840151,0.07687788778776113,0.8744439238435474,5.003604174158875,-98.5248899075481,0.9303361653197058,0.7972850635517187,53.22179694590221,-28.779395296752508,2998745958857.7773,6.146855251141553e-08,0.16205272843389962,,,,,,,80.0,9.091292519489803,0.575,2.0367093461197583,True
LBUSDT,717,43194,MIXED/UNSTABLE,NoTrade,,,1.0,1.0,,-0.0059396155003493155,0.12166737391887336,0.4902955704231792,7.388227551715328,-99.11711711711712,1.3981693949408653,2.8472184626277093,126.17886178861784,-49.24965893587995,298543498232.7611,1.3765059972105994e-06,0.08328253585562338,16.0,0.75,11.205783207203227,-56.579999999999984,0.4158320859376739,0.21384430520645945,34.0,-7.530730083856175,0.6176470588235294,-2.0010824705273835,False
LIKEUSDT,1095,43065,NO_CLEAR_SHORT_EDGE,NoTrade,,,1.0,1.0,2021-09-23,-0.001082036462374517,0.09428614539477322,1.2189139080091755,7.351366743330276,-99.63528077368571,1.5579007249200887,1.757169095142042,121.31850675139,-28.326478595840822,10096417.511789953,0.027232536986301372,-0.1256782113881796,,,,,,,91.0,14.178603982144448,0.5384615384615384,1.929178159817391,False
LKYUSDT,0,43064,INSUFFICIENT_HISTORY,NoTrade,,,1.0,1.0,2024-11-19,,,,,,,,,,,,,,,,,,,,,,,
LOBOUSDT,725,43064,MIXED/UNSTABLE,NoTrade,,,1.0,1.0,2024-06-26,-0.005054048843815255,0.09026395815463532,1.8537825487185882,8.328234328142546,-97.8434093161546,0.928375173822587,0.8698108848945564,79.39844760672705,-26.62071936248116,281452298.36402756,0.00043387053793103445,0.14803448222536278,16.0,0.5,-4.133200623280657,-129.670999053679,-0.14416599115389195,0.21364594467552483,47.0,-6.098836551726388,0.7446808510638298,-2.0003383570417492,True
LOFIUSDT,400,43193,MIXED/UNSTABLE,NoTrade,,,1.0,1.0,,-0.0074193452052330605,0.08821085954273077,1.029455579503117,3.6000750801498542,-96.18625910584201,1.1122931123640727,1.0848026558165411,55.12465373961219,-22.344784115978577,6683153.6439499995,0.014935427499999997,0.13417724793807206,9.0,0.4444444444444444,-3.5293094932394315,-54.71345634228754,-0.15964767418027184,0.3622203144050428,18.0,-8.518582049997297,0.6111111111111112,-2.9769204588192886,False
LUNAUSDT,1095,43063,NO_CLEAR_SHORT_EDGE,NoTrade,,,1.0,1.0,2022-05-28,-0.0022853146603982774,0.05720364209842756,1.184996171650606,15.878416754037573,-96.06329816768462,0.5910013190996485,0.32176667843250295,74.95334853825419,-33.630289532293986,4802442.923452055,0.36028785388127854,0.30894844184975,,,,,,,83.0,-0.7082036167627646,0.6024096385542169,-0.33093621206450047,False
MAGATRUMPUSDT,838,43192,MIXED/UNSTABLE,NoTrade,,,1.0,1.0,,-0.007066312432463386,0.08420721272138552,-0.03019249101800573,5.2332159899101125,-99.85239895318408,0.7514567104271267,0.7544365191628316,46.04349838037947,-39.12382111347734,663966.559856802,1.963818675417661,0.09570951347236364,38.0,0.6842105263157895,0.9443182814934756,-181.50264353357693,0.03283773741351057,0.20730892426977776,41.0,-2.2340093978611812,0.6829268292682927,-0.9276914539029404,True
MAGAUSDT,0,43063,INSUFFICIENT_HISTORY,NoTrade,,,1.0,1.0,2026-04-22,,,,,,,,,,,,,,,,,,,,,,,
MAJORUSDT,0,43062,INSUFFICIENT_HISTORY,NoTrade,,,1.0,1.0,2024-11-28,,,,,,,,,,,,,,,,,,,,,,,
MANEKIUSDT,787,43061,MIXED/UNSTABLE,NoTrade,,,1.0,1.0,2024-04-25,-0.005889719719320125,0.08230465758185929,0.7882709455073563,12.550117850617442,-99.14827439284193,0.64650040218118,0.5971680431705804,107.87330316742083,-42.95863867842505,96245467.44010164,0.0033017002541296057,0.035834269589511004,33.0,0.3939393939393939,-3.5623156065259307,-123.59966364876733,-0.17956822140506443,0.1884074004337504,49.0,-1.6006460320600973,0.6326530612244898,-0.5046511889306955,True
MANUSDT,1095,43061,NO_CLEAR_SHORT_EDGE,NoTrade,,,1.0,1.0,2023-03-16,-0.002485919736836629,0.06605410203902243,0.34951886327774084,1.6852098466480534,-98.1244221371021,1.039044970708525,1.0317324186179757,31.01176470588234,-22.160373100646915,3670719.1039634706,0.016196958904109587,0.07864798696296162,,,,,,,81.0,2.0115813093475,0.5308641975308642,0.9689640325821981,False
MANYUUSDT,0,43039,INSUFFICIENT_HISTORY,NoTrade,,,1.0,1.0,2025-07-04,,,,,,,,,,,,,,,,,,,,,,,
MASKUSDT,1095,43038,NO_CLEAR_SHORT_EDGE,NoTrade,,,1.0,1.0,2021-02-24,-0.0020526143116516397,0.04885412905762863,-1.039107214766637,13.991253841587206,-94.03138622493461,0.6704908624417674,0.6420028597424666,40.8450704225352,-33.657182512144345,582014.0212511417,2.186234794520548,0.4535949379866662,,,,,,,101.0,-0.5352417493817918,0.5346534653465347,-0.4416533574487284,False
MBXUSDT,1095,43037,MIXED/UNSTABLE,NoTrade,,,1.0,1.0,2022-07-01,-0.003339813093181946,0.04195888305551648,0.5878343342943394,8.308758222364565,-98.4206525552567,0.8723657921620129,0.6320456002693058,39.14246196403872,-22.061747164074376,592699.8801095891,0.4161953424657534,0.06680230942112825,25.0,0.48,-3.6775504821064864,-118.94744242372275,-0.2677178045648071,0.18576019885059014,64.0,-2.8862446449889516,0.6875,-2.5797865045189132,False
MEEPUSDT,0,43036,INSUFFICIENT_HISTORY,NoTrade,,,1.0,1.0,2026-03-31,,,,,,,,,,,,,,,,,,,,,,,
MEGAUSDT,0,43036,INSUFFICIENT_HISTORY,NoTrade,,,1.0,1.0,2026-04-30,,,,,,,,,,,,,,,,,,,,,,,
MELANIAUSDT,0,43035,INSUFFICIENT_HISTORY,NoTrade,,,1.0,1.0,2025-01-20,,,,,,,,,,,,,,,,,,,,,,,
MEMECOINUSDT,0,43034,INSUFFICIENT_HISTORY,NoTrade,,,1.0,1.0,2026-05-20,,,,,,,,,,,,,,,,,,,,,,,
MEMEFIUSDT,0,43033,INSUFFICIENT_HISTORY,NoTrade,,,1.0,1.0,2024-11-22,,,,,,,,,,,,,,,,,,,,,,,
MEMESUSDT,0,43033,INSUFFICIENT_HISTORY,NoTrade,,,1.0,1.0,2026-01-21,,,,,,,,,,,,,,,,,,,,,,,
MEMEUSDT,961,43035,MIXED/UNSTABLE,NoTrade,,,1.0,1.0,2023-11-03,-0.004028443923589946,0.0698924593663503,0.9965828218371373,10.673032911873229,-99.0976821192053,1.4905323539964859,1.2814175425453138,76.42105263157895,-35.5081555834379,566994883.397201,0.010807416441207076,0.31371024157422056,47.0,0.6382978723404256,2.625622382296016,-92.37366284191107,0.14852479429643078,0.0733110009958403,75.0,-0.425438368262681,0.56,-0.17550696336738233,False
METISUSDT,1095,43032,NO_CLEAR_SHORT_EDGE,NoTrade,,,1.0,1.0,2021-12-18,-0.0016688552030636574,0.059904722232786485,0.37141603944048135,5.804697536057818,-98.18908221940109,0.8616126138535093,0.6713325005694862,47.98869319417265,-34.77600607441155,30447.920678538812,30.137934246575345,0.21165828299023354,,,,,,,96.0,2.717564902721081,0.5208333333333334,0.9300956595934425,False
METUSDT,0,43032,INSUFFICIENT_HISTORY,NoTrade,,,1.0,1.0,2025-10-23,,,,,,,,,,,,,,,,,,,,,,,
MEUSDT,0,43037,INSUFFICIENT_HISTORY,NoTrade,,,1.0,1.0,2024-12-10,,,,,,,,,,,,,,,,,,,,,,,
MEWUSDT,808,43031,NO_CLEAR_SHORT_EDGE,NoTrade,,,1.0,1.0,2024-04-04,-0.0034487335020172926,0.07656628803567637,1.018761328091104,8.535414413016753,-97.190362241109,0.7982233692653634,0.4527994794238538,89.97314234556852,-26.89790575916231,405530068.60893565,0.003379043688118812,0.18237121348614405,,,,,,,66.0,-1.8785838096909893,0.5909090909090909,-1.1224179481050156,False
MGOUSDT,0,43031,INSUFFICIENT_HISTORY,NoTrade,,,1.0,1.0,2025-06-24,,,,,,,,,,,,,,,,,,,,,,,
MIGGLESUSDT,702,43030,NO_CLEAR_SHORT_EDGE,NoTrade,,,1.0,1.0,2024-07-19,-0.005203965835049615,0.09591057901960712,0.9316572027880545,3.8980019782047117,-98.88881825694489,1.091785612635561,0.6830462866723586,67.95598911070782,-29.821073558648102,9131428.126951568,0.03015644871794872,0.01178051341519107,,,,,,,51.0,21.003405334833147,0.5686274509803921,2.0913999429223673,True
MILLIUSDT,821,43029,NO_CLEAR_SHORT_EDGE,NoTrade,,,1.0,1.0,2024-03-22,-0.0032144191427416974,0.1164922119020861,0.4355107336110038,4.795904717068474,-94.66097725971795,1.4521221903313926,1.1799171018430987,86.05341246290803,-44.552394170714784,19401899846.42167,4.87663946406821e-06,-0.13740088575978215,,,,,,,83.0,2.385310400107825,0.6144578313253012,0.6574886282693919,True
MINDFAKUSDT,0,43029,INSUFFICIENT_HISTORY,NoTrade,,,1.0,1.0,2025-08-21,,,,,,,,,,,,,,,,,,,,,,,
MIUUSDT,0,43028,INSUFFICIENT_HISTORY,NoTrade,,,1.0,1.0,2025-03-25,,,,,,,,,,,,,,,,,,,,,,,
MOCHIUSDT,937,43028,NO_CLEAR_SHORT_EDGE,NoTrade,,,1.0,1.0,2023-11-27,-0.00011304678254261696,0.11609775734988345,1.5993950146134805,7.800622923326603,-98.96034746053036,1.131772278703553,0.9646480132410606,155.6223043746149,-26.559215136650316,11120148341.667023,1.2497885272145145e-05,0.18626126470750656,,,,,,,88.0,6.986765030052897,0.5909090909090909,1.470437199526168,False
MOEWUSDT,675,43027,SPIKE_MEAN_REVERSION_EDGE,SpikeShortDaily,-44.09,44.09,1.0,1.0,2024-08-15,-0.0012978550502789727,0.08212020590392441,3.377807055185668,37.42556463785553,-94.03002276197886,0.6325630241310443,0.47522747395018833,178.55983772819476,-24.88146911519198,399932864.6517185,0.000507644,0.17487362943821197,19.0,0.631578947368421,2.4429337460003526,-44.09000000000002,0.14969769169852779,0.3331488979414065,53.0,-6.394636400822953,0.7358490566037735,-2.2505754759270653,True
MOGUSDT,856,43027,NO_CLEAR_SHORT_EDGE,NoTrade,,,1.0,1.0,2024-02-16,-7.84988050307006e-05,0.09356182346157134,0.6313110822481991,2.6773020212096466,-97.34769455455874,0.727877834742581,0.666339901527421,58.311345646437985,-35.668163952835485,1256925231739.9265,9.075234813084112e-07,0.19122168516487986,,,,,,,87.0,4.926372321423775,0.5402298850574713,1.5283008071506927,False
MOLTUSDT,0,43026,INSUFFICIENT_HISTORY,NoTrade,,,1.0,1.0,2026-01-30,,,,,,,,,,,,,,,,,,,,,,,
MOMOUSDT,0,43025,INSUFFICIENT_HISTORY,NoTrade,,,1.0,1.0,2025-07-17,,,,,,,,,,,,,,,,,,,,,,,
MOODENGUSDT,640,43025,NO_CLEAR_SHORT_EDGE,NoTrade,,,1.0,1.0,2024-09-19,0.0012117662399077998,0.11431894562044188,2.709516241947741,16.82318365432562,-96.37309886699747,0.7267182383212394,0.3145821327693377,185.14540214828403,-28.443449048152292,45231020.85170313,0.12847851562499998,0.40087639451936813,,,,,,,58.0,2.820703010691948,0.5689655172413793,0.44023210683191843,False
MORIUSDT,0,43024,INSUFFICIENT_HISTORY,NoTrade,,,1.0,1.0,2025-07-07,,,,,,,,,,,,,,,,,,,,,,,
MPCUSDT,751,43024,MIXED/UNSTABLE,NoTrade,,,1.0,1.0,2024-05-31,-0.004652761760637908,0.0724537794707769,2.0155511842631806,28.05871388488558,-98.69897209985315,1.5099250817274472,0.15271856973459905,131.59108378170637,-32.39294710327456,401402.3181890812,0.05095420772303595,0.38638162328647757,36.0,0.6388888888888888,-0.18863088015714977,-165.07559633027526,-0.008751237877778999,0.14963884259382815,52.0,-1.6996080275713321,0.75,-0.3328895074146724,False
MTPUSDT,0,43023,INSUFFICIENT_HISTORY,NoTrade,,,1.0,1.0,2025-08-25,,,,,,,,,,,,,,,,,,,,,,,
MUBARAKUSDT,0,43023,INSUFFICIENT_HISTORY,NoTrade,,,1.0,1.0,2025-03-14,,,,,,,,,,,,,,,,,,,,,,,
NAIUSDT,795,43022,MIXED/UNSTABLE,NoTrade,,,1.0,1.0,2024-04-17,-0.006931935788832968,0.08829612561385457,1.7233905595075474,13.07380168034004,-99.83837743622246,2.776640179416179,0.8598248880857448,134.6096654275093,-30.99943534726144,25672026.628566038,0.004069824025157233,0.06434873886905036,37.0,0.6486486486486487,4.8315489820861375,-133.61833136139845,0.21449150825379587,0.09343536409254721,44.0,-2.6729181516156038,0.6363636363636364,-0.818456361832466,False
NAKAUSDT,1095,43022,NO_CLEAR_SHORT_EDGE,NoTrade,,,1.0,1.0,2022-01-29,-0.0020800670112541674,0.06172286486553353,0.527144261199229,4.45075268825247,-98.9178051075705,0.762437186192255,0.49198323371297215,54.04304828388597,-25.08383635144199,2935491.621260274,0.7447305570776256,0.08100288749195503,,,,,,,86.0,1.9814353671742957,0.4883720930232558,1.2230856495194784,True
NEETUSDT,0,43021,INSUFFICIENT_HISTORY,NoTrade,,,1.0,1.0,2026-02-27,,,,,,,,,,,,,,,,,,,,,,,
NOBODYUSDT,0,43020,INSUFFICIENT_HISTORY,NoTrade,,,1.0,1.0,2025-04-25,,,,,,,,,,,,,,,,,,,,,,,
NOMUSDT,0,43020,INSUFFICIENT_HISTORY,NoTrade,,,1.0,1.0,2025-10-01,,,,,,,,,,,,,,,,,,,,,,,
NOTUSDT,766,43019,MIXED/UNSTABLE,NoTrade,,,1.0,1.0,2024-05-16,-0.0038488713149032465,0.06730880217829015,0.2833222773955305,10.062430773319745,-98.51067561050463,1.0685750453021838,0.6580638288683489,58.67158671586714,-41.078305519897306,1191513077.523838,0.0042031801566579634,0.1997936419504547,34.0,0.6176470588235294,1.23374247194827,-87.21999999999997,0.06322954613104811,0.14047495661240444,50.0,7.007165082594668,0.56,1.4266705772324526,False
NPCUSDT,818,43019,NO_CLEAR_SHORT_EDGE,NoTrade,,,1.0,1.0,2024-03-25,0.0006928811853814277,0.08849232828208967,1.1051218975239454,4.359102176083224,-92.57160361464236,0.7622225293674667,0.797710976712584,86.5948130683732,-21.40794223826714,42275710.5894132,0.016236265281173595,0.4198404502746192,,,,,,,76.0,0.7676515752086276,0.618421052631579,0.29293412955625303,False
NSTUSDT,0,43018,INSUFFICIENT_HISTORY,NoTrade,,,1.0,1.0,2024-11-25,,,,,,,,,,,,,,,,,,,,,,,
OMGUSDT,1095,43018,MIXED/UNSTABLE,NoTrade,,,1.0,1.0,2019-06-26,-0.002239132302169054,0.04744867866087676,0.1796794197665506,9.301821265301106,-96.35744254683127,0.5775041158159587,0.49470499268420426,44.72407382215571,-28.12396539563271,437138.1966301369,0.3471395616438356,0.10259394573209131,,,,,,,73.0,3.4627266745801566,0.410958904109589,2.2264758826852544,True
OMNOMUSDT,1095,43017,NO_CLEAR_SHORT_EDGE,NoTrade,,,1.0,1.0,2022-08-31,-0.0005268902766528398,0.12936607588092022,3.0068409338403272,36.248079480351045,-99.87610347345898,3.6293271711430197,5.807025455817985,458.22158221582214,-50.58748468673049,17778190075754.367,2.1418925662100456e-08,0.13363496800341018,,,,,,,105.0,25.171624953103567,0.5238095238095238,1.8114237108116378,False
ONEUSDT,1095,43016,NO_CLEAR_SHORT_EDGE,NoTrade,,,1.0,1.0,2019-12-02,-0.0019399664251947917,0.05231868375565289,-0.4102693965946791,5.8070462913865875,-96.91295768471826,0.754928976326954,0.5317327161531502,26.0132340777502,-35.774556469061025,41111450.75218265,0.012610209132420091,0.1556096821863743,,,,,,,105.0,2.3087641201940294,0.4095238095238095,1.7801012415575646,False
ONIUSDT,0,43016,INSUFFICIENT_HISTORY,NoTrade,,,1.0,1.0,2025-09-17,,,,,,,,,,,,,,,,,,,,,,,
OOBUSDT,0,43015,INSUFFICIENT_HISTORY,NoTrade,,,1.0,1.0,2025-12-01,,,,,,,,,,,,,,,,,,,,,,,
OPENUSDT,0,43015,INSUFFICIENT_HISTORY,NoTrade,,,1.0,1.0,2025-09-08,,,,,,,,,,,,,,,,,,,,,,,
OPTIMUSUSDT,1095,43014,NO_CLEAR_SHORT_EDGE,NoTrade,,,1.0,1.0,2023-03-10,-0.0026538890472140903,0.08915091937724265,1.6360235216615773,11.76218296192264,-99.22274223155667,2.342947759823872,2.713085787014587,134.67652495378925,-28.51500789889414,1631872.900365297,0.09594725114155252,-0.0681644153740202,,,,,,,96.0,-1.2214971478928098,0.6526315789473685,-0.5033544830997562,False
ORDIUSDT,920,43013,SPIKE_MEAN_REVERSION_EDGE,SpikeShortDaily,-26.37,26.37,1.0,1.0,2023-12-14,-0.003193915489674586,0.07473669373383644,1.8569156717384108,26.1583643381462,-97.5344003849635,1.3476824349840886,1.3258534288756512,147.35618826263797,-32.70058213110606,230726.92034782606,23.656746739130433,0.17038684553718497,25.0,0.6,2.885856443195156,-33.583672170159566,0.20294189291427236,0.14372843694590615,62.0,-7.3980188468666706,0.7258064516129032,-3.8473511383403727,False
OSAKUSDT,628,43013,NO_CLEAR_SHORT_EDGE,NoTrade,,,1.0,1.0,2024-10-01,-0.00469003233240863,0.08337717487091142,0.43136381242788707,3.0162115339711546,-96.66502098247346,1.163261354094583,0.6027646694608298,52.12464589235128,-33.09222423146474,68382658787.22771,1.1249899681528663e-07,0.2683039486516832,,,,,,,37.0,-0.4865128404215783,0.5675675675675675,-0.15862872997139685,False
PACKUSDT,760,43012,NO_CLEAR_SHORT_EDGE,NoTrade,,,1.0,1.0,2024-05-22,-0.002341610128000256,0.061468801075366446,1.573868160489121,11.303921073431335,-93.0938123752495,0.4746646000730905,0.2638150928796064,68.6893876420061,-20.590121872995503,3479177.707657894,0.021474026315789475,0.03373603285893846,,,,,,,45.0,-2.503190929544919,0.6,-1.2150089709421088,False
PEACEUSDT,0,43012,INSUFFICIENT_HISTORY,NoTrade,,,1.0,1.0,2026-04-21,,,,,,,,,,,,,,,,,,,,,,,
PEIPEIUSDT,736,43011,NO_CLEAR_SHORT_EDGE,NoTrade,,,1.0,1.0,2024-06-15,-0.003683042879280767,0.087229880882867,1.0197814587594018,8.372918010418772,-98.5123294858342,0.739768465580898,0.9385963237321253,87.593984962406,-36.010037641154334,2940176096871.2134,6.183834782608696e-08,0.5325076096042715,,,,,,,52.0,-1.5890666197743868,0.6346153846153846,-0.6570136382780462,False
PENGUINUSDT,0,43010,INSUFFICIENT_HISTORY,NoTrade,,,1.0,1.0,2026-01-22,,,,,,,,,,,,,,,,,,,,,,,
PEOPLEUSDT,1095,43010,NO_CLEAR_SHORT_EDGE,NoTrade,,,1.0,1.0,2021-11-26,-0.0007262713602199152,0.07075901069581936,0.8562628207090451,9.960363955345173,-96.16448487537905,0.6057269146111464,0.32199352173375756,69.07519373243636,-33.174311926605505,52759117.24959817,0.02829207488584475,0.19280514399208393,,,,,,,99.0,0.126208225808837,0.6262626262626263,0.06395665902418074,False
PEPECOINUSDT,909,43008,NO_CLEAR_SHORT_EDGE,NoTrade,,,1.0,1.0,2023-12-25,-0.003152676610634841,0.08937770111298754,0.36643717270868903,3.996867170510389,-99.24532085561498,1.0014003653445804,1.1478929289330846,53.45596432552953,-40.21505376344086,304012.88536853687,1.3494913751375137,-0.1014914142432588,,,,,,,73.0,7.315858809960278,0.547945205479452,2.2714847260876865,True
PEPEUSDT,1095,43009,NO_CLEAR_SHORT_EDGE,NoTrade,,,1.0,1.0,2023-04-19,0.0005513075039134212,0.06630086255760997,1.0184278660358512,5.2293204812289655,-89.87924528301888,0.6052289410478671,0.32382232384350784,47.30878186968839,-27.35135135135135,3142335593366.7188,7.1999400913241995e-06,0.24505475493718382,,,,,,,103.0,11.760029009198915,0.5242718446601942,3.237261876308464,False
PEPPERUSDT,0,43007,INSUFFICIENT_HISTORY,NoTrade,,,1.0,1.0,2025-10-24,,,,,,,,,,,,,,,,,,,,,,,
PEPUSDT,0,43009,INSUFFICIENT_HISTORY,NoTrade,,,1.0,1.0,2025-02-17,,,,,,,,,,,,,,,,,,,,,,,
PEPUUSDT,0,43007,INSUFFICIENT_HISTORY,NoTrade,,,1.0,1.0,2024-12-17,,,,,,,,,,,,,,,,,,,,,,,
PHNIXUSDT,0,43006,INSUFFICIENT_HISTORY,NoTrade,,,1.0,1.0,2024-12-27,,,,,,,,,,,,,,,,,,,,,,,
PHTUSDT,0,43006,INSUFFICIENT_HISTORY,NoTrade,,,1.0,1.0,2025-08-08,,,,,,,,,,,,,,,,,,,,,,,
PIGGYUSDT,0,43005,INSUFFICIENT_HISTORY,NoTrade,,,1.0,1.0,2025-10-28,,,,,,,,,,,,,,,,,,,,,,,
PIPPINUSDT,0,43005,INSUFFICIENT_HISTORY,NoTrade,,,1.0,1.0,2024-11-11,,,,,,,,,,,,,,,,,,,,,,,
PITUSDT,1095,43004,NO_CLEAR_SHORT_EDGE,NoTrade,,,1.0,1.0,2021-11-12,-0.0008366123630216806,0.04480263766875248,0.42454302204838945,2.6955794207278174,-90.50330380992548,0.9759622872117493,0.7775369713084986,26.069338135974785,-15.442764578833689,222034502656009.7,3.4987726027397264e-10,0.21832612008129937,,,,,,,100.0,2.9529346093198954,0.51,1.911583606341681,True
PIXELUSDT,853,43003,MIXED/UNSTABLE,NoTrade,,,1.0,1.0,2024-02-19,-0.005371861948915559,0.06960828825543086,1.027978886644884,12.36071068913264,-99.47110081623649,0.9108276301810437,0.7567711257329377,80.61814556331007,-36.09246830723342,14482531.276529893,0.13437230832356392,0.4006176415975113,22.0,0.6363636363636364,-0.13259660609420412,-106.49921903885553,-0.0070413360531963645,0.15256689944841728,56.0,-5.437275746073431,0.6607142857142857,-2.6791247668951006,False
PNUTUSDT,0,43003,INSUFFICIENT_HISTORY,NoTrade,,,1.0,1.0,2024-11-03,,,,,,,,,,,,,,,,,,,,,,,
PODUSDT,0,43002,INSUFFICIENT_HISTORY,NoTrade,,,1.0,1.0,2026-05-11,,,,,,,,,,,,,,,,,,,,,,,
PONKEUSDT,909,43002,NO_CLEAR_SHORT_EDGE,NoTrade,,,1.0,1.0,2023-12-25,-0.0005278808871517387,0.09894698548512722,0.405912630172413,8.227209825707206,-96.64974482582174,0.8462736749497398,0.4314964017294089,88.12729498164013,-52.58810572687225,8187782.253421343,0.1679196699669967,0.3410088352720678,,,,,,,107.0,12.174457177034265,0.45794392523364486,3.3414190924696356,True
POPCATUSDT,794,43001,SPIKE_MEAN_REVERSION_EDGE,SpikeShortDaily,-28.23,28.23,1.0,1.0,2024-04-18,-0.0014888683341895664,0.08827037828053319,0.1597591888171711,2.0551866665462093,-98.00488848151542,0.8045687559106828,0.4518664194800617,44.38162544169613,-32.58728737690241,19803837.246032745,0.40785957178841314,0.17536667540563178,25.0,0.56,0.6526512433023235,-37.709999999999994,0.044688762733113424,0.19408349793179072,65.0,-3.7904430251757986,0.6461538461538462,-2.087807910797464,False
PORKUSDT,873,43001,NO_CLEAR_SHORT_EDGE,NoTrade,,,1.0,1.0,2024-01-30,-0.0030339417275867665,0.0999197229888232,3.2252719970777046,36.810738648542966,-98.87838998650142,1.1379233887290017,1.2521959388234754,273.9259259259259,-33.24334274144067,1580245318945.2532,9.96456815578465e-08,-0.06111717600285146,,,,,,,50.0,3.0703131200815847,0.58,0.7363773265255114,True
PROUSDT,898,43000,NO_CLEAR_SHORT_EDGE,NoTrade,,,1.0,1.0,2024-01-05,-0.0004404164261639498,0.05932232869329545,2.433061744163474,15.290454257204079,-92.71169704571535,0.7112937513508281,0.5555573398633077,73.85010266940452,-14.977658623771218,965632.3876503343,0.9141664810690423,-0.0025286610516620663,,,,,,,54.0,-1.7169603971024379,0.6470588235294118,-0.7670753714786667,True
PUNCHUSDT,0,43000,INSUFFICIENT_HISTORY,NoTrade,,,1.0,1.0,2026-02-15,,,,,,,,,,,,,,,,,,,,,,,
PURRUSDT,0,42999,INSUFFICIENT_HISTORY,NoTrade,,,1.0,1.0,2025-05-31,,,,,,,,,,,,,,,,,,,,,,,
PUSSUSDT,621,42998,NO_CLEAR_SHORT_EDGE,NoTrade,,,1.0,1.0,2024-10-08,-0.0005120612409291813,0.03744400283400809,2.849622960953575,43.724012370625594,-71.8732782369146,0.30589656265289583,0.25665908530729253,59.152362144918726,-19.60484871623557,18765339.878132045,0.007015616747181964,0.17700367153196986,,,,,,,58.0,2.4247043791579443,0.3620689655172414,2.2331874957796813,False
PXUSDT,0,42997,INSUFFICIENT_HISTORY,NoTrade,,,1.0,1.0,2025-07-01,,,,,,,,,,,,,,,,,,,,,,,
RATSUSDT,914,42997,NO_CLEAR_SHORT_EDGE,NoTrade,,,1.0,1.0,2023-12-20,-0.0026445862194811264,0.08945487401200317,0.3212539726496763,8.227899286156434,-97.49145461450816,0.9600863963007187,0.32810585446832696,90.76479076479077,-47.09651581898277,2489071232.180284,8.759666301969366e-05,0.15342697542689568,,,,,,,69.0,-1.626037064693757,0.5507246376811594,-0.675156792380364,True
RBTUSDT,766,42996,MIXED/UNSTABLE,NoTrade,,,1.0,1.0,2024-05-16,-0.00240867128139286,0.06693082154716626,1.3393867212717505,35.85059089222375,-92.04,3.680283859274402,5.038336628045987,100.76093849080534,-36.148936170212764,699.8743080939947,210.51518276762403,-0.1561951398491742,14.0,0.7142857142857143,-0.7554659672919174,-32.18499662429787,-0.09452178537373898,0.4381749263203129,33.0,-3.405462049880257,0.7575757575757576,-2.12485625913547,False
REDOUSDT,664,42996,NO_CLEAR_SHORT_EDGE,NoTrade,,,1.0,1.0,2024-08-26,-0.0034736481386453085,0.1016008005975142,1.747336701109742,9.562224216236602,-97.06978119455944,1.936483178595274,1.4631699798828406,128.00333704115684,-21.97156983930778,1222867.1389909638,0.11097733433734941,0.15721076271358628,,,,,,,53.0,2.7495368420755564,0.5849056603773585,0.6449486353091483,True
RKCUSDT,0,42995,INSUFFICIENT_HISTORY,NoTrade,,,1.0,1.0,2026-05-12,,,,,,,,,,,,,,,,,,,,,,,
ROSEUSDT,1095,42994,NO_CLEAR_SHORT_EDGE,NoTrade,,,1.0,1.0,2022-07-29,-0.0018322030589830952,0.05318428220695541,0.24899484688269508,3.3620002296145284,-96.65564009262323,0.8553473577084902,0.8679351423728633,42.31593995711223,-22.63701350277998,12843216.172593607,0.05449094429223745,0.45670500256358426,,,,,,,104.0,1.6650815804626842,0.47115384615384615,1.2180395345838944,False
RWAUSDT,0,42994,INSUFFICIENT_HISTORY,NoTrade,,,1.0,1.0,2025-05-22,,,,,,,,,,,,,,,,,,,,,,,
SAFEUSDT,787,42993,MIXED/UNSTABLE,NoTrade,,,1.0,1.0,2024-04-25,-0.004279798161870732,0.05304982002950742,0.5084803984129506,5.233833700879188,-96.80212685150019,0.692411984005111,0.8723680072116635,40.652196707560016,-22.86670384829893,1026243.1727445996,0.6331184243964422,0.2418642741633802,39.0,0.5897435897435898,-0.4521827418193114,-101.49602621110132,-0.024270089788388308,0.11330552434578982,60.0,-0.5958621120490708,0.48333333333333334,-0.3480005107792123,False
SAIUSDT,663,43191,MIXED/UNSTABLE,NoTrade,,,1.0,1.0,,-0.0058564438993698505,0.08407420253996346,0.5904964826302935,3.8257918694910007,-99.16626016260163,0.38183882693257787,0.49741007418158034,52.532391048292126,-27.72449869224064,29665194.918129716,0.018233675716440422,-0.25335906629289207,24.0,0.5833333333333334,-3.100892804701218,-184.5623773201391,-0.10974849208256188,0.21236121547468986,39.0,4.584087919483483,0.5384615384615384,1.3385923384864558,False
SAMOUSDT,1095,42993,NO_CLEAR_SHORT_EDGE,NoTrade,,,1.0,1.0,2021-10-31,-0.002334425342694168,0.07525295167608695,1.4404531756949313,10.387336255465428,-98.76992200746015,0.7151838755009303,0.6170326895599382,74.88061127029609,-28.305882352941193,40637929.427753426,0.005259398173515981,-0.018747970029352797,,,,,,,79.0,0.856920435208939,0.569620253164557,0.36503845541761526,True
SATOUSDT,0,42992,INSUFFICIENT_HISTORY,NoTrade,,,1.0,1.0,2026-05-04,,,,,,,,,,,,,,,,,,,,,,,
SBTCUSDT,0,42992,INSUFFICIENT_HISTORY,NoTrade,,,1.0,1.0,2025-11-24,,,,,,,,,,,,,,,,,,,,,,,
SCOTTYUSDT,0,42990,INSUFFICIENT_HISTORY,NoTrade,,,1.0,1.0,,,,,,,,,,,,,,,,,,,,,,,,
SCUSDT,1095,42991,NO_CLEAR_SHORT_EDGE,NoTrade,,,1.0,1.0,2021-01-30,-0.0012676183011696128,0.043617364688410716,-1.8281727827099175,19.392994098438585,-96.66341558568224,0.6605594553315204,0.46025241231577546,21.972400666190815,-39.461620988978844,48391982.8316347,0.004176542465753425,0.08120507867813934,,,,,,,102.0,0.5473570920236737,0.4411764705882353,0.35508888659693794,False
SHIBUSDT,1095,42990,NO_CLEAR_SHORT_EDGE,NoTrade,,,1.0,1.0,2021-04-16,-0.0004591444747428882,0.045152003042932376,1.6334848647117768,15.651745575265174,-87.31347438752785,0.5063067376842224,0.28070050462333507,59.502664298401406,-19.05158069883528,433027181922.76807,1.3205452054794522e-05,0.3214693210646868,,,,,,,104.0,4.674229734150815,0.625,1.4833328956649625,False
SHIROUSDT,0,42989,INSUFFICIENT_HISTORY,NoTrade,,,1.0,1.0,2024-12-03,,,,,,,,,,,,,,,,,,,,,,,
SIRENUSDT,0,42989,INSUFFICIENT_HISTORY,NoTrade,,,1.0,1.0,2026-03-23,,,,,,,,,,,,,,,,,,,,,,,
SNEKUSDT,1095,42988,NO_CLEAR_SHORT_EDGE,NoTrade,,,1.0,1.0,2023-05-31,-5.4108843164308126e-05,0.07349562376861211,0.7361147460861456,5.343497181323457,-96.54299754299755,1.4073523986392578,0.9619094309644047,78.06307563494276,-30.59735283873214,240333852.3763105,0.0018416825570776259,0.16185846349171387,,,,,,,115.0,16.062765207557295,0.4,5.409141681035863,False
SNSUSDT,0,42988,INSUFFICIENT_HISTORY,NoTrade,,,1.0,1.0,2025-05-13,,,,,,,,,,,,,,,,,,,,,,,
SOHUSDT,0,42987,INSUFFICIENT_HISTORY,NoTrade,,,1.0,1.0,2025-01-10,,,,,,,,,,,,,,,,,,,,,,,
SONICUSDT,0,42986,INSUFFICIENT_HISTORY,NoTrade,,,1.0,1.0,2025-01-07,,,,,,,,,,,,,,,,,,,,,,,
SPELLUSDT,1095,42986,NO_CLEAR_SHORT_EDGE,NoTrade,,,1.0,1.0,2021-10-05,-0.0012379158229667321,0.05567256188425094,1.7414596346002424,16.026658645816234,-93.07988284614943,0.5431351713509396,0.6474586656725064,63.165778961384824,-25.704467353951888,1081599413.8549042,0.0005564322374429225,0.037636297776230725,,,,,,,98.0,-0.12500045096873433,0.5714285714285714,-0.07071168971295282,False
SQGROWUSDT,635,43190,NO_CLEAR_SHORT_EDGE,NoTrade,,,1.0,1.0,,-0.0018135653810546746,0.08382012816733767,0.8070699369783099,2.765880163735212,-94.16395222584147,1.144406331333285,1.1665932431168642,46.857390550498494,-22.695791156100153,6057994.496267716,0.011812894488188978,-0.09306095294502012,,,,,,,72.0,6.933919350781225,0.5277777777777778,1.7122520603225362,True
SRCUSDT,738,42985,MIXED/UNSTABLE,NoTrade,,,1.0,1.0,2024-06-13,-0.010948280283354756,0.12572496403837044,-1.8361758669483752,42.95170936269183,-99.99277838627236,0.1940501035430154,0.315136073347874,246.71280276816609,-72.46302906680265,23284634.808157183,0.7015263021680215,-0.05174832273453054,,,,,,,51.0,0.3428250238350737,0.32,0.1094181909161963,False
SUNCATUSDT,665,42985,SPIKE_MEAN_REVERSION_EDGE,SpikeShortDaily,-27.22,27.22,1.0,1.0,2024-08-25,-0.006143432602215642,0.07876876796193978,0.5874283707049363,9.584174874739379,-98.31450653983353,0.9946281298001175,0.564124591904564,85.00754147812974,-31.811511495189958,99924052.5171579,0.0019770315789473685,0.228423176563516,20.0,0.6,5.326611508183407,-29.164444444444428,0.3008890947336997,0.13402534505656702,38.0,-10.4186240968959,0.7368421052631579,-4.4838025441206755,True
SUNDOGUSDT,674,42984,MIXED/UNSTABLE,NoTrade,,,1.0,1.0,2024-08-16,-0.0036412395861472346,0.08600702288191747,1.3939683969723027,12.308905588778988,-98.77567029949851,1.1043599388775354,0.5672381489275246,86.88524590163935,-35.655737704918025,16744198.322344212,0.06614321958456974,0.32816505756840514,11.0,0.5454545454545454,-3.063017968659128,-70.94000000000001,-0.12412788162232566,0.41270821107373945,32.0,-6.245710084772624,0.65625,-2.2524711742494534,False
SUSDT,400,43192,MIXED/UNSTABLE,NoTrade,,,1.0,1.0,,-0.007211839923950903,0.054226644846958424,-0.7881394450200805,11.38816848121616,-94.67910874119215,0.877244983787142,0.9715346557284217,33.950120675784405,-35.22519223727573,15612476.712400002,0.168173375,0.2851561816276412,8.0,0.375,-2.4865009727479173,-19.892007781983338,-0.3295670433660212,0.5258864523291676,21.0,-4.047011218430408,0.6190476190476191,-2.415934961892394,False
TAPUSDT,606,42984,NO_CLEAR_SHORT_EDGE,NoTrade,,,1.0,1.0,2024-10-23,-0.00670481307116273,0.11314798852701632,1.9732622138439653,18.121285931116482,-99.45731886183631,2.788980804174319,4.509364503501302,156.9459172852598,-41.14403859407305,275719.4205115512,1.0686638613861388,0.21446706629393147,,,,,,,33.0,17.649094968249738,0.48484848484848486,1.4330556547757147,True
TCAPYUSDT,0,42983,INSUFFICIENT_HISTORY,NoTrade,,,1.0,1.0,2025-01-15,,,,,,,,,,,,,,,,,,,,,,,
TESTICLEUSDT,0,42983,INSUFFICIENT_HISTORY,NoTrade,,,1.0,1.0,2026-01-09,,,,,,,,,,,,,,,,,,,,,,,
THEUSDT,0,42982,INSUFFICIENT_HISTORY,NoTrade,,,1.0,1.0,2024-11-26,,,,,,,,,,,,,,,,,,,,,,,
TMOONUSDT,0,42981,INSUFFICIENT_HISTORY,NoTrade,,,1.0,1.0,2026-03-20,,,,,,,,,,,,,,,,,,,,,,,
TONNYUSDT,0,42981,INSUFFICIENT_HISTORY,NoTrade,,,1.0,1.0,2024-11-28,,,,,,,,,,,,,,,,,,,,,,,
TOPUSDT,1095,42980,MIXED/UNSTABLE,NoTrade,,,1.0,1.0,2023-04-07,-0.0011377855652561315,0.07582413401437893,0.6049203537427152,9.15782418364348,-86.16035455278002,0.06992829704698267,0.0,86.56716417910447,-37.740883486510526,290720258.8263744,0.0001969702283105023,-0.28073239021973917,24.0,0.7083333333333334,2.292470132612218,-64.50000000000001,0.11904306173173324,0.21453351270697657,43.0,-5.149361905284721,0.7209302325581395,-1.7931345119246105,False
TOSHIUSDT,0,42980,INSUFFICIENT_HISTORY,NoTrade,,,1.0,1.0,2024-11-21,,,,,,,,,,,,,,,,,,,,,,,
TREATUSDT,0,42979,INSUFFICIENT_HISTORY,NoTrade,,,1.0,1.0,2025-01-14,,,,,,,,,,,,,,,,,,,,,,,
TREEUSDT,0,42979,INSUFFICIENT_HISTORY,NoTrade,,,1.0,1.0,2025-07-29,,,,,,,,,,,,,,,,,,,,,,,
TRIPLETUSDT,0,42978,INSUFFICIENT_HISTORY,NoTrade,,,1.0,1.0,2026-03-03,,,,,,,,,,,,,,,,,,,,,,,
TROLLUSDT,887,42977,NO_CLEAR_SHORT_EDGE,NoTrade,,,1.0,1.0,2024-01-16,-0.004550125482918461,0.10015000482171475,1.2526796240015734,15.947230591343285,-99.01630580058807,0.9752083600231827,0.9474973294929677,161.55026861089792,-46.275175928172786,15968754750170.656,1.220288500563698e-08,0.05343263064101801,,,,,,,65.0,-0.24957332508208294,0.7384615384615385,-0.052202016768928855,True
TRTUSDT,400,43190,MIXED/UNSTABLE,NoTrade,,,1.0,1.0,,-0.00768622336078987,0.12158872844709923,0.6600419998146745,6.959393428833,-99.0387858347386,4.604895494978281,4.214921951434667,86.66520210896309,-48.64864864864865,110615.45445,0.31415775,0.09668763230011497,12.0,0.6666666666666666,3.8225997178157947,-89.41479992772709,0.10251206807169955,0.3476660004451079,23.0,-13.933339265207374,0.8095238095238095,-3.387266734710669,False
TRUMPUSDT,0,42977,INSUFFICIENT_HISTORY,NoTrade,,,1.0,1.0,2025-01-18,,,,,,,,,,,,,,,,,,,,,,,
TRUSTUSDT,0,42976,INSUFFICIENT_HISTORY,NoTrade,,,1.0,1.0,2025-11-05,,,,,,,,,,,,,,,,,,,,,,,
TRUTHUSDT,0,42976,INSUFFICIENT_HISTORY,NoTrade,,,1.0,1.0,2025-10-01,,,,,,,,,,,,,,,,,,,,,,,
TSTUSDT,0,42975,INSUFFICIENT_HISTORY,NoTrade,,,1.0,1.0,2025-02-06,,,,,,,,,,,,,,,,,,,,,,,
TSUKAUSDT,1095,42975,NO_CLEAR_SHORT_EDGE,NoTrade,,,1.0,1.0,2022-07-16,-0.003325171419966317,0.07734668357733568,1.2485429029470534,8.295762640006826,-99.15284210526315,0.5790919583645059,1.1130700006370842,78.62875260081246,-28.23335167859109,16013445.888748858,0.011841900456621006,-0.1725307025982017,,,,,,,82.0,1.4097084047196464,0.5121951219512195,0.47957167757329144,True
TURBOUSDT,1095,42974,NO_CLEAR_SHORT_EDGE,NoTrade,,,1.0,1.0,2023-05-04,0.0014008015276946698,0.09374755832539744,1.8555658088140043,10.78769519851473,-93.91501038267577,0.7173244590616596,0.34185429384862437,136.20594205572988,-31.269614835948634,783725439.5449132,0.0028774947762557077,0.42576592819184544,,,,,,,124.0,18.319852954524873,0.46774193548387094,3.659265537291817,False
TURTLEUSDT,0,42973,INSUFFICIENT_HISTORY,NoTrade,,,1.0,1.0,2025-10-22,,,,,,,,,,,,,,,,,,,,,,,
TUTUSDT,0,42972,INSUFFICIENT_HISTORY,NoTrade,,,1.0,1.0,2025-03-17,,,,,,,,,,,,,,,,,,,,,,,
UAIUSDT,227,43189,MIXED/UNSTABLE,NoTrade,,,1.0,1.0,,0.005682099381248256,0.1294447687683775,3.3473322952263316,26.789644634404645,-68.54085272634617,1.6310454266888383,1.5491062055033804,214.70967741935482,-26.43111941566163,1763212.9990748898,0.22798149779735685,0.6720158751550019,11.0,0.5454545454545454,1.0619445087002526,-63.53429370212432,0.04862875127474688,0.3230275251354902,24.0,-9.555331551400467,0.7083333333333334,-2.8263991243660196,False
UFDUSDT,0,42972,INSUFFICIENT_HISTORY,NoTrade,,,1.0,1.0,2024-12-18,,,,,,,,,,,,,,,,,,,,,,,
UNCUSDT,0,42971,INSUFFICIENT_HISTORY,NoTrade,,,1.0,1.0,2026-04-15,,,,,,,,,,,,,,,,,,,,,,,
UPUSDT,0,42971,INSUFFICIENT_HISTORY,NoTrade,,,1.0,1.0,2026-03-13,,,,,,,,,,,,,,,,,,,,,,,
URANUSUSDT,0,42970,INSUFFICIENT_HISTORY,NoTrade,,,1.0,1.0,2025-07-04,,,,,,,,,,,,,,,,,,,,,,,
USDUCUSDT,0,42969,INSUFFICIENT_HISTORY,NoTrade,,,1.0,1.0,2026-05-07,,,,,,,,,,,,,,,,,,,,,,,
USELESSUSDT,0,42968,INSUFFICIENT_HISTORY,NoTrade,,,1.0,1.0,2025-05-11,,,,,,,,,,,,,,,,,,,,,,,
USUSDT,0,42969,INSUFFICIENT_HISTORY,NoTrade,,,1.0,1.0,2025-12-11,,,,,,,,,,,,,,,,,,,,,,,
UTYAUSDT,0,42967,INSUFFICIENT_HISTORY,NoTrade,,,1.0,1.0,2026-05-05,,,,,,,,,,,,,,,,,,,,,,,
VADERUSDT,0,42967,INSUFFICIENT_HISTORY,NoTrade,,,1.0,1.0,2024-12-31,,,,,,,,,,,,,,,,,,,,,,,
VINEUSDT,0,42966,INSUFFICIENT_HISTORY,NoTrade,,,1.0,1.0,2025-01-23,,,,,,,,,,,,,,,,,,,,,,,
VINUUSDT,1095,42966,NO_CLEAR_SHORT_EDGE,NoTrade,,,1.0,1.0,2022-03-31,-0.00235094863923576,0.07743856653253822,2.352068389824352,20.20335456675217,-98.52121455285368,1.0502917328453922,1.6592360256797196,124.48979591836734,-30.135205408216336,33161968483640.934,1.442065388127854e-08,0.09058004999800448,,,,,,,83.0,-2.7125887128207706,0.6385542168674698,-1.1786323245368024,True
VISTAUSDT,654,42965,NO_CLEAR_SHORT_EDGE,NoTrade,,,1.0,1.0,2024-09-05,-0.004803593377451576,0.09370344747731763,1.8529517442665808,10.851261151686824,-98.61703059318076,1.2670350203458396,1.3308966694853939,108.48333333333335,-30.62370062370061,35776.50688073395,10.20273623853211,0.5450720875926529,,,,,,,42.0,17.868905973774666,0.6428571428571429,1.0727199141804196,True
VOLTUSDT,1095,42965,MIXED/UNSTABLE,NoTrade,,,1.0,1.0,2022-04-18,-0.0023523400796430036,0.044878806777474384,0.7553883719006445,5.326239611887784,-95.8990899665937,0.6927463893619004,0.4805696277838581,35.682300259250525,-16.571553994732213,286527046942.7269,2.5285525114155253e-07,0.0926109451041658,49.0,0.5102040816326531,-2.6552198209745237,-167.10301773653188,-0.148246426505082,0.10981612482308775,77.0,1.9313010742318664,0.5194805194805194,0.9499755654952966,False
WELFUSDT,0,42963,INSUFFICIENT_HISTORY,NoTrade,,,1.0,1.0,2024-12-19,,,,,,,,,,,,,,,,,,,,,,,
WENUSDT,876,42963,NO_CLEAR_SHORT_EDGE,NoTrade,,,1.0,1.0,2024-01-27,-0.0034769348260468534,0.09319066912231039,0.8965551083182596,5.129699165270434,-99.23198782043369,0.8931973933996485,0.3139716902352096,72.20374106996783,-34.88555643251776,7411716300.916062,7.387109474885844e-05,0.2741128068115713,,,,,,,71.0,-1.7830473007009155,0.676056338028169,-0.6107972228441687,True
WHITEUSDT,0,42962,INSUFFICIENT_HISTORY,NoTrade,,,1.0,1.0,2025-02-04,,,,,,,,,,,,,,,,,,,,,,,
WHITEWHALEUSDT,0,42962,INSUFFICIENT_HISTORY,NoTrade,,,1.0,1.0,2026-01-06,,,,,,,,,,,,,,,,,,,,,,,
WIFUSDT,915,42961,NO_CLEAR_SHORT_EDGE,NoTrade,,,1.0,1.0,2023-12-19,7.946465102287422e-05,0.09102747724171209,0.6217232635325954,5.461262923558486,-96.78196854450664,0.8206081592938022,0.3605516940446402,65.3167554766134,-37.68421052631579,22215655.95750819,1.1947078032786886,0.07747664709956094,,,,,,,90.0,5.4650125775156555,0.5444444444444444,1.8317664171606798,False
WINUSDT,1095,42960,NO_CLEAR_SHORT_EDGE,NoTrade,,,1.0,1.0,2019-10-14,-0.0011542454047606752,0.0437946462078928,2.5810512308124856,31.595237992510107,-92.12793855952046,0.5169972966834059,0.21703763530920772,63.194046937607325,-20.604299243373248,4502977301.8851595,7.037612785388127e-05,0.27585786290900055,,,,,,,99.0,2.844201903557548,0.47474747474747475,2.1426537613326975,False
WKCUSDT,0,42960,INSUFFICIENT_HISTORY,NoTrade,,,1.0,1.0,2025-08-12,,,,,,,,,,,,,,,,,,,,,,,
WOJAKUSDT,141,43188,NO_CLEAR_SHORT_EDGE,NoTrade,,,1.0,1.0,,0.01106165936800184,0.19194477396128287,2.3291341495160554,10.901615808336812,-84.17877094972067,2.630810348038997,3.019830995424597,214.85616144267925,-43.215909090909086,4128762799956.298,5.209262411347517e-08,-0.13845248318277845,,,,,,,16.0,69.24440902254092,0.3333333333333333,1.689164642825446,True
WUSDT,809,42964,MIXED/UNSTABLE,NoTrade,,,1.0,1.0,2024-04-03,-0.005962967625919543,0.06051304587576547,-0.32711677005354817,3.3796639140638254,-99.33884615384616,1.0678173031312028,0.7701346633828944,30.939226519337005,-32.53022759601707,26017118.4168974,0.1760915735475896,0.19624516237677073,35.0,0.45714285714285713,2.5969041742246564,-69.11152608861056,0.16523682504021422,0.11840664848494246,59.0,-1.7183752899347702,0.5423728813559322,-0.9531372242461069,False
XPUSDT,0,42959,INSUFFICIENT_HISTORY,NoTrade,,,1.0,1.0,2025-03-17,,,,,,,,,,,,,,,,,,,,,,,
XUSDT,0,42959,INSUFFICIENT_HISTORY,NoTrade,,,1.0,1.0,2025-08-07,,,,,,,,,,,,,,,,,,,,,,,
YFIUSDT,1095,42958,NO_CLEAR_SHORT_EDGE,NoTrade,,,1.0,1.0,2020-07-25,-0.0011262322234034225,0.039199190275793064,-0.5916785103989424,14.998636178219847,-87.76607470060948,0.7332245073882679,0.6884396693061963,28.958464326663467,-33.7367094150968,82.28721570776256,5687.78389886758,0.05541188852234936,,,,,,,79.0,2.3138992963442955,0.5063291139240507,1.066042632659016,False
YURUUSDT,0,42958,INSUFFICIENT_HISTORY,NoTrade,,,1.0,1.0,2025-07-17,,,,,,,,,,,,,,,,,,,,,,,
ZENUSDT,1095,42957,NO_CLEAR_SHORT_EDGE,NoTrade,,,1.0,1.0,2020-11-23,-0.00031852818612249415,0.06083983484660613,0.8930606406833131,8.668693274897695,-89.2971861749968,1.0372971797225152,0.6674044678535148,64.8297604035309,-27.723365980411753,166987.05451963466,9.684344292237443,0.2730415288351981,,,,,,,105.0,1.063554126689786,0.5333333333333333,0.6725269235563615,False
ZEREBROUSDT,0,42957,INSUFFICIENT_HISTORY,NoTrade,,,1.0,1.0,2024-11-17,,,,,,,,,,,,,,,,,,,,,,,
ZEROUSDT,1,0,INSUFFICIENT_HISTORY,NoTrade,,,1.0,1.0,,,,,,,,,,,,,,,,,,,,,,,,
ZEUSUSDT,808,42956,MIXED/UNSTABLE,NoTrade,,,1.0,1.0,2024-04-04,-0.007382704688610692,0.08546525188442061,1.8224694292260097,13.41822675426663,-99.79420018709074,1.4935511850609486,0.6547905964956469,132.85592739648328,-23.229706390328143,3554220.259529703,0.23089130074257425,0.04036760259529689,19.0,0.6842105263157895,4.038130849677241,-71.57815396315152,0.2198837560980249,0.15184902667069955,47.0,-6.693202974237531,0.7446808510638298,-2.6979751948301947,False
ZSWAPUSDT,0,42955,INSUFFICIENT_HISTORY,NoTrade,,,1.0,1.0,2026-03-27,,,,,,,,,,,,,,,,,,,,,,,
ZYNUSDT,783,42955,MIXED/UNSTABLE,NoTrade,,,1.0,1.0,2024-04-29,-0.013287391315324876,0.12359074722819134,-0.1528195060020159,9.024054242939043,-99.99692844036699,2.5327455578648217,0.9551240616595063,119.34523809523809,-52.31758704812597,60084548.96987229,0.05562560996168583,0.1061683412461511,16.0,0.5625,-13.84313547932549,-221.49016766920784,-0.29063025130379383,0.21770665764229102,46.0,-9.757892442717994,0.6739130434782609,-2.124836664726665,False
我踏马来了USDT,0,42954,INSUFFICIENT_HISTORY,NoTrade,,,1.0,1.0,2026-01-07,,,,,,,,,,,,,,,,,,,,,,,
龙虾USDT,0,42954,INSUFFICIENT_HISTORY,NoTrade,,,1.0,1.0,2026-02-28,,,,,,,,,,,,,,,,,,,,,,,
